Date,Open,High,Low,Close,Volume,Currency,H-L,O-C,SMA_7,SMA_14,SMA_21,SD_7,SD_21
2018-05-23,13865.4,13936.4,13676.1,13912.8,1069432,VND,260.2999999999993,-47.399999999999636,13976.971428571427,14042.885714285716,14175.271428571428,80.47214247356197,334.1050061625195
2018-05-24,13889.1,13936.4,13770.8,13865.4,775300,VND,165.60000000000036,23.700000000000728,13943.171428571428,14025.985714285716,14103.161904761902,67.91361459691713,196.0484340059628
2018-05-25,13865.4,13912.8,13699.8,13723.5,650835,VND,213.0,141.89999999999964,13909.371428571429,13992.185714285715,14062.599999999999,106.18021966269649,181.02181084057224
2018-05-28,13628.8,13676.1,12824.3,12824.3,416379,VND,851.8000000000011,804.5,13747.114285714284,13890.778571428571,13979.21904761905,419.9524553588224,298.3205886610036
2018-05-29,13013.6,13652.5,13013.6,13628.8,1247636,VND,638.8999999999996,-615.1999999999989,13686.271428571428,13850.214285714286,13958.938095238096,398.25383745498016,307.2752796373157
2018-05-30,13605.2,13699.8,13439.5,13581.5,362366,VND,260.2999999999993,23.700000000000728,13628.814285714285,13823.17142857143,13925.138095238097,376.6166814705677,307.92578566302393
2018-05-31,13534.2,13557.8,13250.2,13250.2,607219,VND,307.59999999999854,284.0,13540.92857142857,13762.328571428572,13884.576190476193,383.9161007055448,338.0884838393079
2018-06-01,13534.2,13534.2,13250.2,13250.2,212479,VND,284.0,284.0,13446.27142857143,13711.621428571429,13844.014285714286,357.7392798966162,361.01841128357194
2018-06-04,13297.6,14102.0,13226.6,13960.1,819276,VND,875.3999999999996,-662.5,13459.8,13701.485714285716,13837.257142857145,377.47720460975836,357.25665084282
2018-06-05,14007.4,14007.4,13676.1,13912.8,970367,VND,331.2999999999993,94.60000000000036,13486.842857142856,13698.107142857143,13823.738095238095,405.27487321216984,348.23237855804064
2018-06-06,13818.1,13865.4,13628.8,13676.1,1791777,VND,236.60000000000036,142.0,13608.528571428573,13677.82142857143,13796.695238095237,282.45639022856363,335.79272546645575
2018-06-07,13723.5,13723.5,13581.5,13676.1,1427593,VND,142.0,47.399999999999636,13615.285714285714,13650.778571428571,13771.904761904761,283.58568034235503,323.78762866451603
2018-06-08,13676.1,13723.5,13486.9,13557.8,2456601,VND,236.60000000000036,118.30000000000109,13611.9,13620.357142857143,13752.747619047619,284.1970912354047,323.99730341323476
2018-06-11,13676.1,13676.1,13344.9,13486.9,81801,VND,331.2000000000007,189.20000000000073,13645.714285714286,13593.32142857143,13723.457142857145,245.42554491176512,318.60368888546896
2018-06-12,13486.9,13486.9,13155.6,13344.9,89133,VND,331.2999999999993,142.0,13659.242857142857,13552.757142857141,13694.161904761902,221.4267061365344,323.9945562446853
2018-06-13,13344.9,13392.2,13250.2,13344.9,234963,VND,142.0,0.0,13571.357142857143,13515.578571428572,13658.109523809524,203.4731092564181,318.4184478084804
2018-06-14,13344.9,13344.9,13131.9,13250.2,48582,VND,213.0,94.69999999999891,13476.699999999999,13481.771428571428,13624.304761904763,169.43371368570737,322.41278584477755
2018-06-15,13321.2,13321.2,13131.9,13155.6,55492,VND,189.3000000000011,165.60000000000036,13402.342857142856,13505.435714285715,13585.99523809524,181.14849210101713,328.26100815690904
2018-06-18,13155.6,13155.6,12777.0,12777.0,94015,VND,378.60000000000036,378.60000000000036,13273.9,13444.592857142856,13525.152380952382,257.39606316594603,354.41190812252256
2018-06-19,12587.7,12966.3,11901.6,12824.3,1371151,VND,1064.699999999999,-236.59999999999854,13169.114285714286,13390.507142857141,13469.942857142856,271.4765270919346,369.3964152119351
2018-06-20,12824.3,13013.6,12824.3,12966.3,1370876,VND,189.3000000000011,-142.0,13094.742857142857,13370.228571428572,13427.12857142857,239.31330132374276,373.35302883846674
2018-06-21,13061.0,13202.9,12777.0,12966.3,92261,VND,425.89999999999964,94.70000000000073,13040.657142857142,13349.949999999999,13382.057142857144,214.89038180074013,368.8953653428414
2018-06-22,12919.0,13013.6,12919.0,13013.6,243691,VND,94.60000000000036,-94.60000000000036,12993.328571428572,13282.342857142856,13341.49523809524,168.104964375268,359.8100561076501
2018-06-25,13037.3,13250.2,13013.6,13155.6,433178,VND,236.60000000000036,-118.30000000000109,12979.814285714287,13228.257142857143,13314.452380952382,146.41624942344671,350.89437815252535
2018-06-26,12398.4,13202.9,12398.4,13155.6,214360,VND,804.5,-757.2000000000007,12979.814285714285,13191.078571428572,13330.228571428572,146.41624942344671,334.8354344194427
2018-06-27,13108.3,13155.6,12777.0,13084.6,89514,VND,378.60000000000036,23.69999999999891,13023.757142857143,13148.82857142857,13304.314285714285,118.99292495971146,331.6158399197996
2018-06-28,13084.6,13084.6,12777.0,12777.0,93761,VND,307.60000000000036,307.60000000000036,13017.0,13093.057142857142,13266.00476190476,132.75429685446932,344.2230185158896
2018-06-29,13013.6,13013.6,12729.7,13013.6,495728,VND,283.89999999999964,0.0,13023.757142857141,13059.25,13254.738095238095,130.93489294480472,348.6102701817468
2018-07-02,13013.6,13061.0,12753.4,12777.0,156290,VND,307.60000000000036,236.60000000000036,12996.714285714286,13018.685714285715,13232.204761904764,160.89967297013294,363.8772272019652
2018-07-03,12777.0,12800.7,12280.1,12351.1,385083,VND,520.6000000000004,425.89999999999964,12902.07142857143,12947.699999999999,13155.585714285713,291.30854612868615,372.2476867432688
2018-07-04,12351.1,12398.4,11735.9,12043.5,599781,VND,662.5,307.60000000000036,12743.199999999999,12861.507142857143,13066.57142857143,409.3391544102782,404.2482877426423
2018-07-05,12256.5,12469.4,11972.5,11972.5,1646518,VND,496.89999999999964,284.0,12574.185714285715,12777.0,12985.44761904762,452.6395159821531,444.72453566117645
2018-07-06,11972.5,12635.1,11972.5,12635.1,727184,VND,662.6000000000004,-662.6000000000004,12509.971428571429,12766.864285714286,12935.876190476189,396.57253945224795,421.29189038570814
2018-07-09,12777.0,12777.0,11759.6,12777.0,478654,VND,1017.3999999999996,0.0,12509.971428571429,12763.485714285716,12898.695238095237,396.57253945224795,397.43921985152934
2018-07-10,12777.0,12871.7,12729.7,12871.7,589025,VND,142.0,-94.70000000000073,12489.7,12756.728571428572,12869.400000000001,369.2216994345251,373.8903676213149
2018-07-11,12871.7,12871.7,12587.7,12682.4,174189,VND,284.0,189.3000000000011,12476.185714285713,12736.45,12837.852380952381,358.5297590092395,359.4334842763677
2018-07-12,12635.1,12682.4,12564.1,12658.7,293540,VND,118.29999999999927,-23.600000000000364,12520.128571428573,12711.1,12805.176190476192,359.4926365230192,341.79119927927405
2018-07-13,12848.0,12895.3,12729.7,12824.3,641875,VND,165.59999999999854,23.700000000000728,12631.671428571428,12687.435714285715,12784.895238095238,303.77144211990424,326.35152439691944
2018-07-16,12777.0,12777.0,12540.4,12777.0,457374,VND,236.60000000000036,0.0,12746.6,12660.392857142857,12766.866666666667,89.2710479382257,315.11276129877075
2018-07-17,12777.0,12800.7,12682.4,12682.4,333416,VND,118.30000000000109,94.60000000000036,12753.357142857143,12631.664285714287,12762.361904761903,80.81429034396484,315.6364070828859
2018-07-18,12706.0,12824.3,12611.4,12777.0,523601,VND,212.89999999999964,-71.0,12753.357142857143,12631.664285714287,12760.109523809524,80.81429034396484,315.34094549354785
2018-07-19,12753.4,12777.0,12635.1,12729.7,116541,VND,141.89999999999964,23.69999999999891,12733.07142857143,12611.385714285716,12748.842857142858,61.72486571559136,311.81266582907034
2018-07-20,12777.0,12777.0,12682.4,12729.7,54076,VND,94.60000000000036,47.29999999999927,12739.828571428572,12608.007142857143,12737.576190476193,57.711804519883444,307.8112991830627
2018-07-23,12753.4,12753.4,12635.1,12706.0,138941,VND,118.29999999999927,47.399999999999636,12746.585714285713,12633.357142857143,12722.92857142857,48.69433329687461,301.2688353329304
2018-07-24,12777.0,12800.7,11830.6,12635.1,166264,VND,970.1000000000004,141.89999999999964,12719.557142857144,12675.614285714286,12698.142857142857,50.83072748969241,284.8566790009179
2018-07-25,12587.7,12706.0,11830.6,12493.1,209014,VND,875.3999999999996,94.60000000000036,12679.0,12712.800000000001,12666.595238095239,93.06947225946027,267.83780441938035
2018-07-26,12493.1,12682.4,12469.4,12540.4,155783,VND,213.0,-47.29999999999927,12658.714285714286,12706.035714285714,12640.680952380952,106.68441667784583,251.18086037564987
2018-07-27,12540.4,12682.4,12469.4,12587.7,220256,VND,213.0,-47.30000000000109,12631.671428571428,12692.514285714287,12631.666666666666,95.06286892160419,249.43477971874242
2018-07-30,12256.5,12587.7,11877.9,12114.5,459973,VND,709.8000000000011,142.0,12543.785714285714,12638.42857142857,12588.852380952381,207.36886963868014,257.62842936883425
2018-07-31,11854.2,12114.5,11854.2,12067.2,278241,VND,260.2999999999993,-213.0,12449.142857142857,12594.485714285713,12555.052380952382,254.25709335983856,277.5048281004365
2018-08-01,11996.2,12090.8,11830.6,11830.6,284348,VND,260.1999999999989,165.60000000000036,12324.085714285715,12535.335714285715,12530.266666666666,314.9139217234133,317.0577476317822
2018-08-02,11806.9,11830.6,11357.4,11688.6,397318,VND,473.2000000000007,118.29999999999927,12188.871428571429,12454.214285714286,12513.366666666667,359.2020216826909,351.85049997596866
2018-08-03,11357.4,11830.6,11357.4,11664.9,423310,VND,473.2000000000007,-307.5,12070.557142857142,12374.778571428571,12498.719047619046,378.1885987050043,380.7117552940198
2018-08-06,11664.9,11830.6,11262.7,11310.0,636761,VND,567.8999999999996,354.89999999999964,11894.785714285714,12276.75,12435.619047619048,408.16364948618536,458.7847105332244
2018-08-07,11333.7,11404.7,11333.7,11381.0,202780,VND,71.0,-47.29999999999927,11722.4,12177.035714285714,12369.142857142857,309.6807764994598,505.59607551031945
2018-08-08,11381.0,11617.6,11381.0,11546.6,475843,VND,236.60000000000036,-165.60000000000036,11641.27142857143,12092.528571428571,12306.042857142857,260.2893948043088,522.1564464520549
2018-08-09,11594.0,12161.8,11594.0,12019.9,974615,VND,567.7999999999993,-425.89999999999964,11634.514285714287,12041.828571428572,12274.495238095238,247.69882538117162,518.2798389636628
2018-08-10,12043.5,12161.8,11877.9,12090.8,701804,VND,283.89999999999964,-47.29999999999927,11671.685714285715,11997.885714285714,12247.452380952382,296.7050411242549,512.0084390115634
2018-08-13,12114.5,12327.5,11996.2,12303.8,711821,VND,331.2999999999993,-189.29999999999927,11759.57142857143,11974.221428571429,12222.666666666666,381.5360127793892,495.0037245651228
2018-08-14,12445.8,12493.1,12303.8,12303.8,660746,VND,189.3000000000011,142.0,11850.842857142856,11960.699999999999,12200.133333333333,428.6270945594226,479.02025774840075
2018-08-15,12303.8,12422.1,12161.8,12185.5,612079,VND,260.3000000000011,118.29999999999927,11975.914285714285,11935.35,12176.471428571429,367.9473441882893,466.1053283785419
2018-08-16,12114.5,12351.1,12114.5,12327.5,496595,VND,236.60000000000036,-213.0,12111.128571428571,11916.764285714284,12155.066666666666,275.0820102822629,447.08148958925244
2018-08-17,12445.8,12777.0,12327.5,12422.1,554538,VND,449.5,23.69999999999891,12236.199999999999,11938.735714285713,12140.419047619049,142.9051900153148,432.1015443377393
2018-08-20,12303.8,12445.8,12303.8,12303.8,602655,VND,142.0,0.0,12276.757142857143,11955.635714285714,12120.138095238095,107.08350101886143,412.61595518860196
2018-08-21,12303.8,12422.1,12303.8,12422.1,659330,VND,118.30000000000109,-118.30000000000109,12324.085714285713,11997.885714285714,12106.619047619048,81.30783948602807,396.80897749302466
2018-08-22,12422.1,12611.4,12351.1,12469.4,920539,VND,260.2999999999993,-47.29999999999927,12347.742857142857,12053.657142857142,12098.728571428572,96.99905252350368,387.30851674455766
2018-08-23,12398.4,12635.1,12398.4,12540.4,793960,VND,236.70000000000073,-142.0,12381.542857142858,12116.192857142858,12100.98095238095,118.06891853401207,389.8458690547583
2018-08-24,12564.1,12564.1,12493.1,12564.1,673573,VND,71.0,0.0,12435.628571428573,12205.771428571428,12102.109523809524,98.36926542845985,391.21346079189817
2018-08-27,12587.7,12635.1,12587.7,12635.1,555510,VND,47.399999999999636,-47.399999999999636,12479.57142857143,12295.35,12104.366666666665,110.02977951870723,394.27992509554105
2018-08-28,12587.7,12753.4,12587.7,12729.7,777181,VND,165.6999999999989,-142.0,12523.514285714287,12379.857142857143,12133.661904761904,140.4657897682622,417.2559076588399
2018-08-29,12729.7,12824.3,12682.4,12800.7,746561,VND,141.89999999999964,-71.0,12594.5,12435.628571428571,12168.590476190477,136.42371494716156,441.4154719816394
2018-08-30,12777.0,12824.3,12682.4,12800.7,815979,VND,141.89999999999964,-23.700000000000728,12648.585714285715,12486.335714285715,12214.785714285714,131.6487805813508,454.83311586308827
2018-08-31,12800.7,12895.3,12729.7,12729.7,728494,VND,165.59999999999854,71.0,12685.771428571428,12516.757142857143,12264.361904761905,107.06771555549099,451.3377233028514
2018-09-04,12706.0,12753.4,12658.7,12682.4,581016,VND,94.69999999999891,23.600000000000364,12706.057142857144,12543.800000000001,12312.814285714287,86.38954136427058,438.19035736278425
2018-09-05,12658.7,12706.0,12540.4,12540.4,607261,VND,165.60000000000036,118.30000000000109,12702.671428571428,12569.15,12371.404761904761,93.0852067423809,375.1189697631941
2018-09-06,12493.1,12682.4,11664.9,11664.9,664592,VND,1017.5,828.2000000000007,12564.07142857143,12521.82142857143,12384.923809523809,406.18613432054605,341.22530372874087
2018-09-07,12185.5,12469.4,12161.8,12469.4,706284,VND,307.60000000000036,-283.89999999999964,12526.885714285714,12525.199999999999,12428.866666666665,400.3693021389378,282.17841046639705
2018-09-10,12516.7,12564.1,12422.1,12469.4,623469,VND,142.0,47.30000000000109,12479.557142857142,12537.028571428573,12450.271428571428,381.75556253156316,266.2011347512741
2018-09-11,12469.4,12493.1,12351.1,12351.1,646630,VND,142.0,118.29999999999927,12415.328571428572,12531.957142857142,12462.666666666666,355.64851428659813,254.4257914075183
2018-09-12,12351.1,12469.4,12303.8,12351.1,657851,VND,165.60000000000036,0.0,12361.242857142857,12523.507142857143,12464.919047619047,327.55006160451285,253.15525200764895
2018-09-13,12374.8,12422.1,12351.1,12398.4,579684,VND,71.0,-23.600000000000364,12320.671428571428,12513.364285714286,12469.423809523809,297.3355888233508,250.97718204006205
2018-09-14,12398.4,12445.8,12374.8,12398.4,625984,VND,71.0,0.0,12300.385714285714,12501.528571428573,12479.561904761906,284.409103397226,243.11151448707417
2018-09-17,12398.4,12398.4,12303.8,12351.1,627210,VND,94.60000000000036,47.29999999999927,12398.414285714287,12481.242857142857,12480.685714285713,52.90536924751655,242.42702878541138
2018-09-18,12351.1,12351.1,12090.8,12351.1,721246,VND,260.3000000000011,0.0,12381.514285714284,12454.199999999999,12477.304761904761,44.71067838763284,243.77627135592772
2018-09-19,12374.8,12422.1,12303.8,12398.4,852410,VND,118.30000000000109,-23.600000000000364,12371.371428571429,12425.464285714286,12481.809523809523,25.282913484466892,241.2709387903364
2018-09-20,12422.1,12516.7,12398.4,12422.1,954413,VND,118.30000000000109,0.0,12381.514285714284,12398.421428571428,12481.809523809523,29.658243854770294,241.2709387903364
2018-09-21,12422.1,12493.1,12398.4,12422.1,969923,VND,94.70000000000073,0.0,12391.657142857144,12376.449999999999,12479.557142857144,29.663943159791966,241.6131216872067
2018-09-24,12445.8,12493.1,12398.4,12422.1,379948,VND,94.70000000000073,23.69999999999891,12395.042857142858,12357.857142857143,12473.923809523809,31.834879044649284,241.50269751033915
2018-09-25,12422.1,12422.1,12232.8,12280.1,745103,VND,189.3000000000011,142.0,12378.142857142857,12339.264285714287,12460.400000000001,53.6688568021878,244.1378934127364
2018-09-26,12303.8,12564.1,12209.2,12303.8,593314,VND,354.89999999999964,0.0,12371.385714285714,12384.9,12444.62380952381,60.21905646788385,242.98590886051562
2018-09-27,12303.8,12398.4,12280.1,12303.8,502068,VND,118.29999999999927,0.0,12364.628571428573,12373.07142857143,12424.342857142856,65.31298273898543,235.66589607204048
2018-09-28,12303.8,12398.4,12256.5,12398.4,796855,VND,141.89999999999964,-94.60000000000036,12364.628571428571,12368.0,12405.185714285715,65.31298273898543,219.32734732751362
2018-10-01,12398.4,12469.4,12374.8,12398.4,707890,VND,94.60000000000036,0.0,12361.242857142859,12371.378571428573,12386.028571428571,62.38591874069079,199.7495034859085
2018-10-02,12398.4,12540.4,12280.1,12374.8,977784,VND,260.2999999999993,23.600000000000364,12354.485714285713,12373.07142857143,12369.128571428571,57.02719902422408,183.57770873084573
2018-10-03,12398.4,12469.4,12374.8,12445.8,1042151,VND,94.60000000000036,-47.399999999999636,12357.871428571427,12376.457142857145,12357.861904761903,62.18115240378554,170.16012011103172
2018-10-04,12445.8,12871.7,12445.8,12777.0,1940650,VND,425.90000000000146,-331.2000000000007,12428.857142857143,12403.5,12369.128571428571,162.04245181573575,189.57587173178777
2018-10-05,12824.3,12848.0,12706.0,12777.0,1461151,VND,142.0,47.29999999999927,12496.457142857142,12433.92142857143,12422.085714285713,196.26613612759752,128.51221842970247
2018-10-08,12800.7,12800.7,12540.4,12611.4,1240388,VND,260.3000000000011,189.3000000000011,12540.399999999998,12452.514285714287,12428.84761904762,179.6759304970519,134.7124478994305
2018-10-09,12493.1,12658.7,12445.8,12635.1,2252321,VND,212.90000000000146,-142.0,12574.214285714286,12469.42142857143,12436.738095238095,170.53879742907077,141.86912446406194
2018-10-10,12635.1,12682.4,12587.7,12635.1,1178810,VND,94.69999999999891,0.0,12608.028571428573,12484.635714285714,12450.261904761905,152.3665833254414,146.74974778921853
2018-10-11,11830.6,12303.8,11783.3,11783.3,1058465,VND,520.5,47.30000000000109,12523.528571428571,12439.007142857143,12423.22380952381,345.2277881548166,206.1992529200122
2018-10-12,11759.6,11972.5,11759.6,11901.6,795608,VND,212.89999999999964,-142.0,12445.785714285714,12401.82857142857,12399.566666666668,419.0344274979692,235.59339407832067
2018-10-15,11877.9,11901.6,11073.4,11357.4,711187,VND,828.2000000000007,520.5,12242.985714285713,12335.921428571428,12349.995238095238,553.8538899642631,327.4592409387783
2018-10-16,11381.0,11475.7,11357.4,11428.3,694831,VND,118.30000000000109,-47.29999999999927,12050.314285714285,12273.385714285714,12306.052380952382,571.4324673676451,384.2890521717457
2018-10-17,11452.0,11830.6,11452.0,11594.0,679489,VND,378.60000000000036,-142.0,11904.971428571429,12222.685714285715,12270.0,533.0328498766147,414.2013737302322
2018-10-18,11617.6,11712.3,11546.6,11570.3,589954,VND,165.6999999999989,47.30000000000109,11752.857142857143,12163.535714285712,12230.566666666666,432.375233861869,439.9826329906049
2018-10-19,11546.6,11594.0,11452.0,11570.3,651257,VND,142.0,-23.69999999999891,11600.742857142857,12104.385714285714,12190.004761904762,189.16193113424129,460.23965330706017
2018-10-22,11570.3,11877.9,11570.3,11641.3,816613,VND,307.60000000000036,-71.0,11580.457142857142,12051.992857142857,12152.823809523808,173.26791256250624,471.94218915538244
2018-10-23,11664.9,11664.9,11523.0,11546.6,667254,VND,141.89999999999964,118.29999999999927,11529.742857142857,11987.764285714284,12111.133333333333,100.11711237562606,485.44238724419864
2018-10-24,11570.3,11664.9,11546.6,11617.6,668226,VND,118.29999999999927,-47.30000000000109,11566.914285714287,11904.95,12079.585714285713,68.90262279862698,495.3388408813987
2018-10-25,11570.3,11617.6,11428.3,11594.0,528102,VND,189.3000000000011,-23.700000000000728,11590.585714285715,11820.449999999999,12045.785714285714,31.840196217941756,503.4253443021396
2018-10-26,11664.9,11830.6,11664.9,11759.6,569710,VND,165.70000000000073,-94.70000000000073,11614.242857142857,11759.607142857143,12019.871428571429,71.55340329969631,503.48633957920913
2018-10-29,11759.6,11783.3,11664.9,11759.6,458663,VND,118.39999999999964,0.0,11641.285714285714,11697.07142857143,11989.45238095238,86.40780112465596,498.7482096399558
2018-10-30,11759.6,11925.2,11759.6,11830.6,778386,VND,165.60000000000036,-71.0,11678.471428571427,11639.607142857143,11962.414285714285,104.81677210373519,490.79727106589337
2018-10-31,12067.2,12232.8,12067.2,12232.8,651532,VND,165.59999999999854,-165.59999999999854,11762.971428571429,11671.714285714286,11955.652380952382,231.60168187554447,485.78418522947146
2018-11-01,12540.4,12540.4,12161.8,12185.5,602972,VND,378.60000000000036,354.89999999999964,11854.242857142857,11691.992857142859,11943.257142857145,256.6568776734927,475.87205483348407
2018-11-02,12209.2,12327.5,11357.4,11357.4,1080484,VND,970.1000000000004,851.8000000000011,11817.07142857143,11691.992857142857,11875.657142857144,309.950935441265,451.73115519238064
2018-11-05,11594.0,11735.9,11570.3,11712.3,1017913,VND,165.60000000000036,-118.29999999999927,11833.971428571427,11712.278571428571,11824.957142857142,298.78487642602585,402.58583255182106
2018-11-06,11712.3,11783.3,11688.6,11712.3,524636,VND,94.69999999999891,0.0,11827.214285714286,11720.728571428572,11782.142857142857,301.27164612997984,360.3617620828313
2018-11-07,11712.3,11877.9,11712.3,11830.6,539830,VND,165.60000000000036,-118.30000000000109,11837.357142857143,11739.32142857143,11743.833333333334,299.80750967430106,303.4142536753142
2018-11-08,11830.6,12019.9,11664.9,11972.5,1335163,VND,355.0,-141.89999999999964,11857.628571428571,11768.05,11712.280952380952,304.0418486232601,232.18847434586894
2018-11-09,11972.5,12114.5,11830.6,11877.9,1190559,VND,283.89999999999964,94.60000000000036,11806.92857142857,11784.95,11716.785714285714,257.00602271979625,234.54099489370492
2018-11-12,11877.9,12090.8,11806.9,12090.8,496426,VND,283.89999999999964,-212.89999999999964,11793.4,11823.82142857143,11725.79523809524,235.33595843664804,245.37882238735494
2018-11-13,12067.2,12067.2,11948.9,12043.5,437363,VND,118.30000000000109,23.700000000000728,11891.414285714285,11854.242857142857,11758.466666666665,151.38498856184435,239.48076401529192
2018-11-14,12043.5,12114.5,12043.5,12067.2,381744,VND,71.0,-23.700000000000728,11942.114285714286,11888.042857142858,11788.890476190476,140.43370237187028,235.9967370638342
2018-11-15,12090.8,12114.5,12019.9,12090.8,494249,VND,94.60000000000036,0.0,11996.185714285715,11911.699999999999,11812.547619047618,105.79583212587212,240.3438570445731
2018-11-16,12114.5,12303.8,12114.5,12280.1,532814,VND,189.29999999999927,-165.60000000000036,12060.399999999998,11948.878571428573,11846.34761904762,123.47801423722922,254.0898927920239
2018-11-19,12303.8,12398.4,12303.8,12398.4,700748,VND,94.60000000000036,-94.60000000000036,12121.242857142857,11989.435714285715,11885.780952380952,169.35442969439504,272.6846413332848
2018-11-20,12422.1,12422.1,12351.1,12398.4,605254,VND,71.0,23.700000000000728,12195.6,12001.264285714284,11921.833333333334,158.63111296329188,288.344443909273
2018-11-21,12398.4,12777.0,12280.1,12729.7,650433,VND,496.89999999999964,-331.3000000000011,12286.871428571429,12040.135714285714,11978.17142857143,247.30191881098304,324.65714706882994
2018-11-22,13013.6,13297.6,12729.7,13297.6,2667897,VND,567.8999999999996,-284.0,12466.028571428571,12178.721428571429,12058.17142857143,429.0709060061428,423.3512290555822
2018-11-23,13297.6,13297.6,12966.3,13013.6,2229879,VND,331.3000000000011,284.0,12601.228571428572,12271.671428571428,12125.771428571428,431.55301224871073,457.4903792899608
2018-11-26,12540.4,12753.4,12516.7,12516.7,1269064,VND,236.6999999999989,23.69999999999891,12662.07142857143,12329.128571428571,12161.823809523808,373.7474178919998,457.0228286472974
2018-11-27,12493.1,12516.7,12161.8,12256.5,662161,VND,354.90000000000146,236.60000000000036,12658.699999999999,12359.550000000001,12185.485714285714,377.851214104156,447.9296432317572
2018-11-28,12256.5,12256.5,11830.6,12019.9,662563,VND,425.89999999999964,236.60000000000036,12604.628571428571,12362.935714285715,12194.5,442.80781276712185,442.3001051322676
2018-11-29,12209.2,12209.2,11996.2,12019.9,501751,VND,213.0,189.3000000000011,12550.557142857144,12373.07857142857,12184.361904761903,492.5078336335963,443.81570102487984
2018-11-30,12161.8,12161.8,11806.9,11901.6,810654,VND,354.89999999999964,260.1999999999989,12432.257142857143,12359.564285714285,12170.842857142856,539.5171880398759,448.08271956352394
2018-12-03,12256.5,12540.4,12067.2,12516.7,1000691,VND,473.1999999999989,-260.2000000000007,12320.7,12393.364285714286,12226.047619047618,391.0818627005209,412.8856665216926
2018-12-04,12516.7,12540.4,12303.8,12303.8,649757,VND,236.60000000000036,212.90000000000146,12219.3,12410.264285714284,12254.214285714286,246.9384606198599,395.9128506195889
2018-12-05,12303.8,12540.4,12232.8,12493.1,971191,VND,307.60000000000036,-189.3000000000011,12215.92857142857,12439.0,12291.395238095238,242.31925714008992,378.7680101014403
2018-12-06,12540.4,12682.4,12445.8,12540.4,1216044,VND,236.60000000000036,0.0,12256.485714285713,12457.592857142856,12325.195238095239,272.1620928084556,367.0820064729469
2018-12-07,13337.9,13337.9,12974.2,13307.6,1431343,VND,363.6999999999989,30.299999999999272,12440.442857142858,12522.535714285714,12388.771428571428,457.6061001091676,415.3810661824524
2018-12-10,13277.3,13277.3,13004.5,13034.8,737329,VND,272.7999999999993,242.5,12585.42857142857,12567.992857142857,12443.861904761903,462.90354904047575,420.91909730517546
2018-12-11,13004.5,13004.5,12792.3,12822.6,530061,VND,212.20000000000073,181.89999999999964,12717.0,12574.628571428571,12478.709523809524,354.29029058102344,420.52027763804074
2018-12-12,12822.6,12974.2,12822.6,12883.2,351213,VND,151.60000000000036,-60.600000000000364,12769.357142857143,12545.028571428571,12518.695238095237,346.7571477616532,416.9757360760972
2018-12-13,13034.8,13095.4,12883.2,12883.2,368153,VND,212.1999999999989,151.59999999999854,12852.128571428573,12535.714285714286,12557.55238095238,279.7922128668733,410.77266415751177
2018-12-14,12974.2,13004.5,12792.3,12822.6,534449,VND,212.20000000000073,151.60000000000036,12899.199999999999,12557.564285714285,12592.400000000001,233.15319713296648,400.09840039671735
2018-12-17,12792.3,12792.3,12428.5,12580.1,389546,VND,363.7999999999993,212.1999999999989,12904.871428571429,12580.67857142857,12606.685714285715,223.24302687342723,393.69460789516296
2018-12-18,12489.2,12489.2,12186.0,12186.0,671500,VND,303.2000000000007,303.2000000000007,12744.642857142857,12592.542857142858,12596.57142857143,281.0391897769124,401.95485709575524
2018-12-19,12489.2,12549.8,12125.4,12125.4,451862,VND,424.39999999999964,363.8000000000011,12614.728571428572,12600.078571428572,12583.57142857143,330.4100115224568,412.9488916837883
2018-12-20,12307.3,12398.2,12277.0,12307.3,319000,VND,121.20000000000073,0.0,12541.114285714286,12629.057142857144,12563.457142857142,333.76463977163206,415.75304036343596
2018-12-21,12246.6,12337.6,12155.7,12186.0,435681,VND,181.89999999999964,60.600000000000364,12441.514285714284,12605.435714285715,12510.52380952381,318.3382395532851,387.4067163908939
2018-12-24,12246.6,12246.6,12125.4,12155.7,290052,VND,121.20000000000073,90.89999999999964,12337.585714285715,12594.857142857143,12469.67142857143,264.26971972188164,376.7921378464125
2018-12-25,12125.4,12125.4,11519.1,11701.0,338579,VND,606.2999999999993,424.39999999999964,12177.357142857143,12538.278571428571,12430.82857142857,261.1899236005272,412.0926026306104
2018-12-26,11701.0,12064.8,11701.0,11882.9,362495,VND,363.7999999999993,-181.89999999999964,12077.757142857143,12491.314285714285,12413.038095238095,209.91392567061084,427.7613241939991
2018-12-27,12428.5,12428.5,12095.1,12095.1,302522,VND,333.39999999999964,333.39999999999964,12064.771428571428,12404.707142857142,12416.619047619048,204.85238355359516,424.6088077502169
2018-12-28,12125.4,12307.3,11882.9,12095.1,267637,VND,424.39999999999964,30.299999999999272,12060.442857142858,12337.585714285715,12420.2,203.6745104092466,421.40075937284814
2019-01-02,12307.3,12307.3,11822.3,12095.1,168011,VND,485.0,212.1999999999989,12030.128571428573,12285.621428571429,12429.414285714287,174.51352110248763,411.49320077703265
2019-01-03,12064.8,12307.3,11731.3,11822.3,144820,VND,576.0,242.5,11978.17142857143,12209.842857142856,12396.347619047618,174.51352110248385,431.54029663411603
2019-01-04,11822.3,11822.3,11337.2,11791.9,269435,VND,485.09999999999854,30.399999999999636,11926.199999999999,12131.892857142857,12371.971428571429,166.83487844762328,451.0462416902179
2019-01-07,12186.0,12277.0,11791.9,11913.2,166114,VND,485.10000000000036,272.7999999999993,11956.514285714284,12066.935714285715,12344.357142857143,135.41573552781387,460.9034503791895
2019-01-08,12004.1,12186.0,11852.6,11943.5,239003,VND,333.39999999999964,60.600000000000364,11965.171428571428,12021.464285714286,12315.933333333334,131.81439873645584,466.57942982234755
2019-01-09,12125.4,12549.8,12064.8,12489.2,1304568,VND,485.0,-363.8000000000011,12021.471428571429,12043.121428571429,12276.961904761905,237.97300066937936,410.40538675339565
2019-01-10,12489.2,12762.0,12489.2,12640.7,785508,VND,272.7999999999993,-151.5,12099.414285714287,12079.92857142857,12258.195238095239,335.4807815089806,382.0498991966946
2019-01-11,12731.7,12731.7,12610.4,12671.0,651806,VND,121.30000000000109,60.70000000000073,12181.685714285715,12105.907142857142,12250.97619047619,398.8725002159778,372.15609212368935
2019-01-14,12731.7,13368.2,11822.3,13368.2,438270,VND,1545.9000000000015,-636.5,12402.528571428571,12190.35,12274.07142857143,561.5236288120614,424.69306815966655
2019-01-15,13065.1,13065.1,12549.8,12792.3,729906,VND,515.3000000000011,272.8000000000011,12545.442857142858,12235.82142857143,12269.742857142857,504.6344844113674,418.5937058430795
2019-01-16,12822.6,12883.2,12610.4,12610.4,199631,VND,272.8000000000011,212.20000000000073,12645.042857142858,12300.778571428573,12259.638095238097,420.9083544634503,406.98070283025027
2019-01-17,12731.7,12731.7,12519.5,12549.8,170584,VND,212.20000000000073,181.90000000000146,12731.657142857144,12348.414285714287,12258.195238095239,296.4730558703976,405.8398840382799
2019-01-18,12549.8,12883.2,12549.8,12610.4,225032,VND,333.40000000000146,-60.600000000000364,12748.971428571429,12385.221428571429,12278.404761904761,283.19515482132687,412.5760141794533
2019-01-21,12640.7,13034.8,12610.4,12731.7,476883,VND,424.39999999999964,-91.0,12761.971428571427,12430.692857142858,12307.276190476192,279.46066338742986,422.4299183353091
2019-01-22,12913.5,12913.5,12610.4,12731.7,357300,VND,303.10000000000036,181.79999999999927,12770.642857142857,12476.164285714285,12327.485714285713,277.09919317300995,432.46383465641185
2019-01-23,12671.0,13216.7,12549.8,13216.7,1570605,VND,666.9000000000015,-545.7000000000007,12749.0,12575.764285714287,12376.566666666666,223.352233031124,472.26028134212964
2019-01-24,12792.3,13034.8,12731.7,12883.2,448546,VND,303.09999999999854,-90.90000000000146,12761.985714285713,12653.714285714288,12411.209523809524,228.86373987279282,481.8344133670572
2019-01-25,12913.5,12943.9,12822.6,12822.6,595923,VND,121.29999999999927,90.89999999999964,12792.300000000001,12718.671428571428,12464.619047619048,219.2923619280681,460.8811382765213
2019-01-28,12883.2,12883.2,12731.7,12762.0,378330,VND,151.5,121.20000000000073,12822.614285714286,12777.135714285714,12506.480952380954,193.31062592426125,445.0542692965229
2019-01-29,12762.0,12792.3,12519.5,12549.8,457140,VND,272.7999999999993,212.20000000000073,12813.957142857145,12781.464285714286,12528.133333333333,205.37855176186463,434.9863771813407
2019-01-30,12731.7,12731.7,12640.7,12671.0,316278,VND,91.0,60.70000000000073,12805.285714285714,12783.628571428573,12555.557142857144,210.6443481999045,424.344353764066
2019-01-31,12731.7,12792.3,12610.4,12610.4,320056,VND,181.89999999999964,121.30000000000109,12787.957142857142,12779.300000000001,12580.095238095239,222.36976605899824,411.0781610304841
2019-02-01,12671.0,12731.7,12610.4,12701.4,219968,VND,121.30000000000109,-30.399999999999636,12714.342857142856,12731.671428571428,12621.957142857145,117.20931216047373,373.05264450401967
2019-02-11,12852.9,12883.2,12762.0,12883.2,541211,VND,121.20000000000073,-30.30000000000109,12714.342857142856,12738.164285714287,12673.92380952381,117.20931216047373,324.492469719677
2019-02-12,12913.5,13004.5,12883.2,12913.5,639600,VND,121.29999999999927,0.0,12727.32857142857,12759.814285714287,12721.557142857144,134.90224503052076,277.2143278610288
2019-02-13,12943.9,13004.5,12852.9,12943.9,508388,VND,151.60000000000036,0.0,12753.314285714285,12787.964285714286,12769.195238095237,158.20133194306916,216.0280016021154
2019-02-14,12974.2,12974.2,12822.6,12913.5,541921,VND,151.60000000000036,60.70000000000073,12805.271428571428,12809.614285714286,12789.399999999998,138.75070827786925,208.23251427193833
2019-02-15,12943.9,12974.2,12731.7,12852.9,885546,VND,242.5,91.0,12831.257142857141,12818.271428571428,12799.504761904764,125.84608134728828,205.79017584958572
2019-02-18,12943.9,12943.9,12762.0,12883.2,456925,VND,181.89999999999964,60.69999999999891,12870.228571428572,12829.092857142858,12809.609523809524,79.90848336865733,204.36965504882275
2019-02-19,12913.5,12913.5,12731.7,12792.3,462962,VND,181.79999999999927,121.20000000000073,12883.214285714286,12798.778571428571,12782.185714285715,49.5001154399167,159.34585744765144
2019-02-20,12852.9,12852.9,12610.4,12792.3,576954,VND,242.5,60.600000000000364,12870.22857142857,12792.285714285714,12782.185714285715,60.258573782317605,159.34585744765144
2019-02-21,12822.6,12852.9,12580.1,12610.4,783777,VND,272.7999999999993,212.20000000000073,12826.92857142857,12777.128571428573,12782.185714285713,111.28103633418887,159.34585744765144
2019-02-22,12640.7,12822.6,12580.1,12731.7,574200,VND,242.5,-91.0,12796.614285714286,12774.964285714286,12790.847619047618,102.67609959753297,150.79657363169937
2019-02-25,12762.0,13095.4,12762.0,12883.2,546704,VND,333.39999999999964,-121.20000000000073,12792.285714285714,12798.778571428571,12803.838095238094,97.43198360170247,146.15333549462127
2019-02-26,12883.2,12883.2,12610.4,12731.7,760206,VND,272.8000000000011,151.5,12774.971428571429,12803.114285714286,12803.838095238094,95.6172877375016,146.15333549462127
2019-02-27,12731.7,12731.7,12549.8,12701.4,965379,VND,181.90000000000146,30.30000000000109,12749.0,12809.614285714286,12802.395238095238,85.4729196879908,147.04793258051382
2019-02-28,12701.4,12731.7,12519.5,12580.1,871345,VND,212.20000000000073,121.29999999999927,12718.685714285715,12800.95,12772.080952380953,103.32259237566102,120.60898647721355
2019-03-01,12580.1,12701.4,12549.8,12701.4,764049,VND,151.60000000000036,-121.29999999999927,12705.699999999999,12787.964285714286,12763.423809523807,98.1093607493966,118.74448157609281
2019-03-04,12701.4,13095.4,12640.7,12852.9,1022482,VND,454.6999999999989,-151.5,12740.342857142858,12783.635714285714,12764.866666666667,101.60178569854163,119.67988274286724
2019-03-05,12852.9,12883.2,12610.4,12671.0,1023983,VND,272.8000000000011,181.89999999999964,12731.671428571428,12764.142857142857,12760.533333333335,104.99596364118783,121.4236152210372
2019-03-06,12701.4,12762.0,12610.4,12671.0,308971,VND,151.60000000000036,30.399999999999636,12701.357142857143,12746.82142857143,12766.304761904761,82.08972443083937,113.53018751065093
2019-03-07,12731.7,12883.2,12701.4,12731.7,470533,VND,181.8000000000011,0.0,12701.357142857143,12738.164285714287,12769.195238095237,82.08972443083937,111.74101966692236
2019-03-08,12701.4,12701.4,12580.1,12640.7,219490,VND,121.29999999999927,60.69999999999891,12692.685714285715,12720.842857142856,12770.638095238097,85.2303433558698,109.76622648248183
2019-03-11,12610.4,12671.0,12519.5,12610.4,98240,VND,151.5,0.0,12697.014285714287,12707.85,12766.304761904763,79.10911090740193,114.33732757154831
2019-03-12,12610.4,12852.9,12610.4,12852.9,1100599,VND,242.5,-242.5,12718.657142857144,12712.17857142857,12764.861904761903,98.7857421753342,112.97145867963089
2019-03-13,12943.9,12974.2,12852.9,12913.5,905406,VND,121.30000000000109,30.399999999999636,12727.314285714285,12733.828571428572,12764.861904761903,113.99540090968775,112.97145867963089
2019-03-14,12943.9,12943.9,12731.7,12913.5,461692,VND,212.1999999999989,30.399999999999636,12761.957142857142,12746.814285714287,12763.414285714287,129.78356158286314,110.73518991597649
2019-03-15,12883.2,12943.9,12731.7,12731.7,574315,VND,212.1999999999989,151.5,12770.628571428571,12735.992857142857,12754.757142857145,124.61846725482779,105.39256411835574
2019-03-18,12731.7,12913.5,12731.7,12883.2,1549426,VND,181.79999999999927,-151.5,12792.27142857143,12746.814285714285,12756.2,129.7796685962145,106.99852335435827
2019-03-19,12913.5,12943.9,12822.6,12883.2,1273212,VND,121.29999999999927,30.299999999999272,12826.914285714287,12759.8,12756.2,113.98083798851196,106.99852335435827
2019-03-20,12883.2,12913.5,12701.4,12852.9,1140450,VND,212.10000000000036,30.30000000000109,12861.557142857142,12779.285714285714,12759.085714285713,62.377502812599495,108.82244385110735
2019-03-21,12913.5,12913.5,12671.0,12822.6,832897,VND,242.5,90.89999999999964,12857.228571428572,12787.942857142856,12760.528571428573,64.10573854405378,109.48370720280829
2019-03-22,12852.9,12883.2,12792.3,12852.9,562011,VND,90.90000000000146,0.0,12848.57142857143,12787.942857142858,12772.07619047619,59.139544420618705,105.576332124084
2019-03-25,12822.6,12822.6,12549.8,12671.0,776024,VND,272.8000000000011,151.60000000000036,12813.92857142857,12787.942857142858,12769.185714285715,81.54744456006793,107.549510857685
2019-03-26,12671.0,12913.5,12671.0,12671.0,556089,VND,242.5,0.0,12805.257142857143,12787.942857142858,12759.080952380953,94.02180344899247,106.26262098715954
2019-03-27,12701.4,12822.6,12640.7,12731.7,530325,VND,181.89999999999964,-30.30000000000109,12783.614285714284,12787.942857142856,12759.080952380953,90.45926207541689,106.26262098715954
2019-03-28,12762.0,12883.2,12701.4,12852.9,833177,VND,181.8000000000011,-90.89999999999964,12779.285714285714,12803.1,12766.29523809524,85.48811669015068,107.28859434349728
2019-03-29,12913.5,12943.9,12883.2,12883.2,829367,VND,60.69999999999891,30.299999999999272,12783.614285714286,12822.585714285715,12780.728571428572,90.45926207541689,101.20280699106176
2019-04-01,12913.5,13762.3,12822.6,13701.7,1305063,VND,939.6999999999989,-788.2000000000007,12909.199999999999,12883.214285714286,12828.361904761903,360.56815352070055,223.50479743442455
2019-04-02,13701.7,13762.3,13459.2,13489.5,1204019,VND,303.09999999999854,212.20000000000073,13000.142857142857,12924.357142857143,12858.676190476192,419.471996908581,266.1100597586915
2019-04-03,13519.8,13762.3,13459.2,13701.7,1966765,VND,303.09999999999854,-181.90000000000146,13147.385714285716,12980.657142857142,12907.757142857145,463.2898172439203,319.4659865642049
2019-04-04,13732.0,13822.9,13610.8,13792.6,1368368,VND,212.10000000000036,-60.600000000000364,13307.614285714286,13056.435714285715,12961.166666666666,465.0215924326267,367.9782022529938
2019-04-05,13822.9,14065.5,13762.3,13762.3,1109589,VND,303.2000000000007,60.600000000000364,13454.842857142858,13119.228571428572,13010.242857142855,412.4719297808653,402.91071538424006
2019-04-08,13792.6,13913.9,13732.0,13822.9,1493906,VND,181.89999999999964,-30.299999999999272,13593.414285714285,13186.350000000002,13066.538095238095,331.54062812157645,430.350924799984
2019-04-09,13913.9,13913.9,13701.7,13701.7,2637688,VND,212.1999999999989,212.1999999999989,13710.342857142858,13246.97857142857,13118.504761904764,108.88109504021827,438.3318280437789
2019-04-10,13641.1,13671.4,13247.0,13428.9,1097977,VND,424.39999999999964,212.20000000000073,13671.371428571429,13290.285714285714,13145.933333333332,152.55301498484303,438.90182767145495
2019-04-11,13428.9,13641.1,13398.6,13641.1,1434889,VND,242.5,-212.20000000000073,13693.028571428573,13346.585714285713,13180.580952380953,131.77661292619237,448.25503077941863
2019-04-12,13822.9,13822.9,13519.8,13610.8,337441,VND,303.10000000000036,212.10000000000036,13680.042857142855,13413.714285714286,13213.785714285714,135.2136563264098,453.2799336896835
2019-04-16,13550.1,13610.8,13307.6,13459.2,579824,VND,303.1999999999989,90.89999999999964,13632.414285714287,13470.014285714284,13248.42857142857,147.15042675864294,442.25969875500346
2019-04-17,13459.2,13459.2,13277.3,13398.6,913537,VND,181.90000000000146,60.600000000000364,13580.457142857142,13517.65,13272.971428571429,157.4915326522494,435.223102721887
2019-04-18,13428.9,13489.5,13216.7,13247.0,1198559,VND,272.7999999999993,181.89999999999964,13498.185714285715,13545.800000000001,13290.29523809524,160.13354248433254,426.07706635795296
2019-04-19,13307.6,13944.2,13156.1,13398.6,1231531,VND,788.1000000000004,-91.0,13454.885714285714,13582.614285714286,13316.28095238095,134.92684967016015,414.55206261585084
2019-04-22,13519.8,13519.8,13095.4,13186.4,1335297,VND,424.39999999999964,333.39999999999964,13420.242857142857,13545.807142857142,13333.604761904762,169.43039728401214,400.24455208809405
2019-04-23,13337.9,13337.9,13004.5,13156.1,1738467,VND,333.39999999999964,181.79999999999927,13350.957142857142,13521.992857142857,13348.042857142855,163.11037017047798,387.29622199478905
2019-04-24,13186.4,13216.7,13004.5,13004.5,1619593,VND,212.20000000000073,181.89999999999964,13264.342857142858,13472.192857142858,13363.923809523807,163.11037017047406,364.3010868838714
2019-04-25,13034.8,13034.8,12852.9,12852.9,845911,VND,181.89999999999964,181.89999999999964,13177.72857142857,13405.07142857143,13372.585714285713,199.3454431741304,348.83606219214533
2019-04-26,12852.9,13034.8,12852.9,12943.9,1728472,VND,181.89999999999964,-91.0,13112.77142857143,13346.614285714286,13382.690476190477,189.203256792678,332.01089425615214
2019-05-02,12943.9,13004.5,12913.5,12943.9,1450559,VND,91.0,0.0,13069.471428571429,13283.82857142857,13387.02380952381,188.04399054730584,325.27599650876454
2019-05-03,12943.9,13004.5,12822.6,12913.5,1880846,VND,181.89999999999964,30.399999999999636,13000.171428571428,13227.528571428573,13388.466666666665,125.5304042093139,322.9885544927889
2019-05-06,12852.9,12974.2,12671.0,12913.5,536378,VND,303.2000000000007,-60.600000000000364,12961.185714285715,13190.714285714286,13350.933333333332,97.24449305010505,330.47893780593915
2019-05-07,12913.5,13156.1,12913.5,13034.8,2786961,VND,242.60000000000036,-121.29999999999927,12943.857142857143,13147.407142857144,13329.28095238095,60.641675909747995,335.7991060426701
2019-05-08,12943.9,13034.8,12943.9,12974.2,896383,VND,90.89999999999964,-30.30000000000109,12939.528571428571,13101.935714285713,13294.638095238093,56.53384574116352,332.9718193424178
2019-05-09,13034.8,13216.7,13004.5,13034.8,2828246,VND,212.20000000000073,0.0,12965.514285714287,13071.621428571429,13258.55238095238,51.67492714304253,316.98648807016576
2019-05-10,13247.0,13641.1,13095.4,13641.1,4248538,VND,545.7000000000007,-394.10000000000036,13065.114285714284,13088.942857142858,13252.780952380954,259.01401138788174,308.34154702060096
2019-05-13,13701.7,14065.5,13701.7,13883.6,2516471,VND,363.7999999999993,-181.89999999999964,13199.357142857143,13134.414285714285,13255.671428571428,394.04050069819465,314.18240584550085
2019-05-14,13822.9,13944.2,13762.3,13944.2,2189785,VND,181.90000000000146,-121.30000000000109,13346.6,13173.385714285714,13267.219047619046,456.9684270639992,335.1523155507916
2019-05-15,13944.2,14035.1,13883.6,14035.1,3606563,VND,151.5,-90.89999999999964,13506.828571428572,13234.007142857143,13296.085714285713,476.03661173727244,373.66716110159285
2019-05-16,14095.8,14126.1,13974.5,14126.1,2643708,VND,151.60000000000036,-30.30000000000109,13662.728571428572,13303.292857142858,13319.180952380952,474.3798749043925,409.3428033067844
2019-05-17,14156.4,14429.2,14126.1,14429.2,1631716,VND,303.10000000000036,-272.8000000000011,13870.585714285715,13405.057142857142,13358.152380952382,439.92277893807585,472.569413545837
2019-05-20,14459.5,14520.2,14338.3,14459.5,925034,VND,181.90000000000146,0.0,14074.114285714286,13519.814285714285,13405.785714285714,294.25256401364595,530.1672069128025
2019-05-21,14489.8,14520.2,14398.9,14489.8,967177,VND,121.30000000000109,0.0,14195.357142857143,13630.235714285716,13457.747619047619,258.8119836042756,580.5118367605046
2019-05-22,14580.8,14671.7,14429.2,14489.8,900408,VND,242.5,91.0,14281.957142857142,13740.657142857144,13516.92857142857,237.66538702662575,619.9615844089562
2019-05-23,14489.8,14489.8,14247.3,14308.0,890759,VND,242.5,181.79999999999927,14333.92857142857,13840.264285714287,13560.233333333334,185.56227808382945,642.6296883379565
2019-05-24,14247.3,14429.2,14186.7,14308.0,1000330,VND,242.5,-60.70000000000073,14372.914285714285,13939.871428571429,13613.642857142857,133.75022029370314,656.4662151028289
2019-05-27,14308.0,14489.8,14308.0,14429.2,1716068,VND,181.79999999999927,-121.20000000000073,14416.214285714286,14039.471428571429,13674.266666666668,77.95435477646828,670.7296641220944
2019-05-28,14520.2,14550.5,14398.9,14398.9,1563628,VND,151.60000000000036,121.30000000000109,14411.885714285714,14141.235714285716,13740.666666666666,77.95435477646744,670.1299712244905
2019-05-29,14398.9,14641.4,14398.9,14580.8,1330184,VND,242.5,-181.89999999999964,14429.214285714286,14251.664285714285,13822.94761904762,100.5188610590862,661.702526532164
2019-05-30,14611.1,14671.7,14550.5,14580.8,1671599,VND,121.20000000000073,30.30000000000109,14442.214285714286,14318.785714285714,13900.895238095238,114.56355482998487,649.2698872396521
2019-05-31,14580.8,14580.8,14459.5,14489.8,1644054,VND,121.29999999999927,91.0,14442.214285714286,14362.085714285715,13974.509523809524,114.56355482998487,622.4225388791448
2019-06-03,14489.8,14489.8,14247.3,14429.2,1108170,VND,242.5,60.599999999998545,14459.528571428571,14396.728571428572,14046.685714285715,99.00021404521198,579.6464916530692
2019-06-04,14489.8,14520.2,14247.3,14429.2,858578,VND,272.90000000000146,60.599999999998545,14476.842857142858,14424.878571428571,14118.861904761907,76.01170649219402,523.0970736643311
2019-06-05,14429.2,14489.8,14398.9,14489.8,961107,VND,90.89999999999964,-60.599999999998545,14485.5,14450.857142857143,14188.14761904762,73.07541766362242,465.5214878166663
2019-06-06,14550.5,14550.5,14247.3,14489.8,760289,VND,303.2000000000007,60.70000000000073,14498.485714285713,14455.185714285715,14260.319047619048,62.42145540825424,376.97131405326013
2019-06-07,14520.2,14611.1,14429.2,14611.1,1278540,VND,181.89999999999964,-90.89999999999964,14502.814285714285,14466.014285714287,14335.380952380952,69.7062988207294,259.32389905105276
2019-06-10,14671.7,14823.3,14550.5,14762.7,1518120,VND,272.7999999999993,-91.0,14528.800000000001,14485.507142857141,14388.790476190476,119.64239772497393,221.99652002847716
2019-06-11,14762.7,15459.9,14641.4,15459.9,2040874,VND,818.5,-697.1999999999989,14667.385714285714,14554.800000000001,14463.852380952381,368.9783255991547,296.59629232179975
2019-06-12,15278.0,15308.3,15035.5,15278.0,2209957,VND,272.7999999999993,0.0,14788.642857142857,14624.085714285715,14527.366666666667,414.3397030503639,321.517465051781
2019-06-13,15096.1,15399.3,14732.4,15399.3,5016810,VND,666.8999999999996,-303.1999999999989,14927.22857142857,14702.035714285714,14592.328571428572,435.7608889987837,353.3263252898744
2019-06-14,15399.3,15399.3,14974.9,15096.1,4507252,VND,424.39999999999964,303.1999999999989,15013.842857142858,14749.671428571428,14638.519047619046,392.42512600987953,352.73231014330963
2019-06-17,15096.1,15096.1,14550.5,14853.6,986426,VND,545.6000000000004,242.5,15065.814285714285,14782.15,14658.728571428572,330.6898165380458,352.2974654221134
2019-06-18,14186.7,15156.7,14186.7,14277.7,1298762,VND,970.0,-91.0,15018.185714285715,14760.5,14650.07142857143,419.2481780067326,359.59609027747416
2019-06-19,14004.8,14429.2,14004.8,14186.7,497617,VND,424.40000000000146,-181.90000000000146,14935.9,14732.35,14635.638095238093,521.7459758669834,372.212195496304
2019-06-20,14308.0,14338.3,14065.5,14308.0,1138751,VND,272.7999999999993,0.0,14771.342857142858,14719.364285714286,14626.98095238095,510.46420330635846,377.8453699849134
2019-06-21,14429.2,14429.2,14126.1,14308.0,826513,VND,303.10000000000036,121.20000000000073,14632.77142857143,14710.707142857142,14626.98095238095,480.8002139291678,377.8453699849134
2019-06-24,14308.0,14308.0,13913.9,13913.9,817590,VND,394.10000000000036,394.10000000000036,14420.57142857143,14673.9,14608.214285714286,408.45670400626307,403.40315601852086
2019-06-25,13913.9,13944.2,13580.4,13883.6,1255167,VND,363.8000000000011,30.299999999999272,14247.357142857143,14630.6,14582.233333333332,322.23139127627644,432.06056674188926
2019-06-26,13913.9,13913.9,13641.1,13762.3,1009980,VND,272.7999999999993,151.60000000000036,14091.457142857145,14578.635714285714,14551.91904761905,231.16183982332817,466.5248199389154
2019-06-27,13762.3,13822.9,13671.4,13762.3,576262,VND,151.5,0.0,14017.82857142857,14518.007142857143,14512.942857142856,243.69538167073696,497.1755359743871
2019-06-28,13913.9,13913.9,13641.1,13853.3,572402,VND,272.7999999999993,60.600000000000364,13970.199999999999,14453.050000000001,14478.3,237.69636093138936,517.1552813227293
2019-07-01,13853.3,13974.5,13822.9,13883.6,494895,VND,151.60000000000036,-30.30000000000109,13909.57142857143,14340.457142857142,14449.433333333332,185.58794603720577,533.1523500213846
2019-07-02,14065.5,14065.5,13883.6,13944.2,697940,VND,181.89999999999964,121.29999999999927,13857.6,14245.185714285713,14426.338095238094,70.95059313837949,544.4574689323148
2019-07-03,14095.8,14095.8,13913.9,14004.8,1136112,VND,181.89999999999964,91.0,13870.585714285715,14145.578571428572,14406.12857142857,88.99594426298161,552.167907563315
2019-07-04,14065.5,14095.8,13974.5,14065.5,1556716,VND,121.29999999999927,0.0,13896.57142857143,14071.964285714286,14385.923809523807,115.91453337542123,556.6974940708416
2019-07-05,14126.1,14126.1,13944.2,14004.8,585861,VND,181.89999999999964,121.30000000000109,13931.214285714286,14011.335714285713,14362.828571428572,104.80202651632524,562.2057409372928
2019-07-08,14065.5,14065.5,13822.9,13944.2,603395,VND,242.60000000000036,121.29999999999927,13957.2,13987.514285714287,14331.07142857143,73.94883366236874,566.301079058526
2019-07-09,13944.2,14004.8,13883.6,13944.2,670609,VND,121.19999999999891,0.0,13970.185714285715,13970.192857142858,14292.095238095239,59.166387658843526,563.267365889579
2019-07-10,14004.8,14004.8,13883.6,13944.2,618273,VND,121.19999999999891,60.599999999998545,13978.842857142856,13944.207142857142,14219.919047619047,47.71009177488859,499.66329624962776
2019-07-11,13944.2,13974.5,13883.6,13913.9,639781,VND,90.89999999999964,30.30000000000109,13974.514285714287,13916.057142857142,14154.961904761905,52.51001265089102,440.3846335604675
2019-07-12,13944.2,13944.2,13822.9,13883.6,375575,VND,121.30000000000109,60.600000000000364,13957.199999999999,13913.892857142857,14082.785714285714,60.268150793140215,338.72075856922663
2019-07-15,13883.6,13974.5,13853.3,13974.5,855890,VND,121.20000000000073,-90.89999999999964,13944.199999999999,13920.385714285714,14029.376190476192,39.11713179700435,246.9464393441641
2019-07-16,14065.5,14247.3,14065.5,14126.1,2135683,VND,181.79999999999927,-60.600000000000364,13961.528571428573,13946.371428571429,13994.733333333332,77.98952310605934,161.93498798386034
2019-07-17,14247.3,14247.3,14065.5,14186.7,859106,VND,181.79999999999927,60.599999999998545,13996.171428571428,13976.685714285715,13990.399999999998,114.37889832035667,155.05572224203706
2019-07-18,14186.7,14186.7,14004.8,14065.5,162667,VND,181.90000000000146,121.20000000000073,14013.5,13991.842857142858,13984.628571428571,114.38142331701738,149.54135930523364
2019-07-19,14065.5,14126.1,13822.9,13822.9,898396,VND,303.2000000000007,242.60000000000036,13996.17142857143,13987.507142857143,13961.528571428573,134.11597859431916,133.7223995554127
2019-07-22,13792.6,13944.2,13732.0,13944.2,491481,VND,212.20000000000073,-151.60000000000036,14000.5,13987.507142857143,13944.204761904764,131.48121538845874,107.60785973241494
2019-07-23,14095.8,14095.8,13853.3,14004.8,357382,VND,242.5,91.0,14017.814285714287,13987.507142857143,13948.533333333335,121.09104602982994,108.15474253741195
2019-07-24,14065.5,14065.5,13822.9,13974.5,344154,VND,242.60000000000036,91.0,14017.814285714287,13981.007142857143,13952.861904761907,121.09104602982994,107.24118367581984
2019-07-25,13944.2,13974.5,13822.9,13944.2,599849,VND,151.60000000000036,0.0,13991.828571428572,13976.67857142857,13961.52380952381,113.2436269626019,98.03035705720023
2019-07-26,13913.9,13944.2,13822.9,13913.9,743333,VND,121.30000000000109,0.0,13952.857142857143,13974.514285714287,13968.742857142855,75.73121014813167,87.65914425448528
2019-07-29,13913.9,13913.9,13822.9,13883.6,290712,VND,91.0,30.299999999999272,13926.871428571429,13970.185714285713,13970.185714285715,60.26695375003621,85.89558944273176
2019-07-30,13883.6,13883.6,13732.0,13822.9,186468,VND,151.60000000000036,60.70000000000073,13926.871428571429,13961.52142857143,13967.29523809524,60.26695375003621,89.88369972464754
2019-07-31,13853.3,13853.3,13641.1,13822.9,254573,VND,212.1999999999989,30.399999999999636,13909.542857142855,13955.02142857143,13961.51904761905,70.94652580522978,95.18338415420996
2019-08-01,13822.9,13822.9,13610.8,13641.1,311000,VND,212.10000000000036,181.79999999999927,13857.585714285715,13937.7,13944.2,111.27390272921997,117.40820243918526
2019-08-02,13610.8,13610.8,13277.3,13428.9,805747,VND,333.5,181.89999999999964,13779.642857142857,13898.728571428572,13913.885714285716,183.42489704824786,159.25075285761068
2019-08-05,13398.6,13944.2,13337.9,13641.1,358537,VND,606.3000000000011,-242.5,13736.342857142856,13864.085714285715,13896.566666666666,173.61787405244866,168.3840471462047
2019-08-06,13641.1,13641.1,13337.9,13641.1,244446,VND,303.2000000000007,0.0,13697.371428571429,13825.114285714284,13882.133333333335,156.93536582820764,176.87330022741028
2019-08-07,13641.1,13701.7,13519.8,13641.1,170469,VND,181.90000000000146,0.0,13662.72857142857,13794.8,13867.7,134.07507491811694,183.7870153193707
2019-08-08,13641.1,13671.4,13428.9,13671.4,316724,VND,242.5,-30.299999999999272,13641.085714285715,13783.97857142857,13854.709523809524,114.74476645400256,187.70868095206689
2019-08-09,13671.4,13762.3,13519.8,13701.7,512165,VND,242.5,-30.30000000000109,13623.77142857143,13766.657142857144,13844.60476190476,88.99188566547679,190.0598786598415
2019-08-12,13822.9,13822.9,13580.4,13701.7,121580,VND,242.5,121.19999999999891,13632.42857142857,13745.007142857143,13835.942857142856,93.77747978218255,192.32533523026027
2019-08-13,13641.1,13732.0,13337.9,13701.7,726673,VND,394.10000000000036,-60.600000000000364,13671.400000000003,13725.521428571428,13822.952380952382,30.300000000222227,191.71071336535002
2019-08-14,13701.7,13701.7,13459.2,13610.8,357283,VND,242.5,90.90000000000146,13667.07142857143,13701.707142857145,13798.414285714287,36.814069515594504,183.78324538901464
2019-08-15,13519.8,13580.4,13428.9,13580.4,225015,VND,151.5,-60.600000000000364,13658.4,13677.885714285714,13769.542857142858,49.06240923571713,166.55108997371914
2019-08-16,13580.4,13610.8,13428.9,13610.8,221387,VND,181.89999999999964,-30.399999999999636,13654.07142857143,13658.4,13747.890476190476,52.086521426358985,155.33007405125346
2019-08-19,13580.4,13671.4,13428.9,13580.4,228446,VND,242.5,0.0,13641.07142857143,13641.07857142857,13736.342857142858,58.05490832793357,158.45740301871328
2019-08-20,13580.4,13580.4,13459.2,13550.1,294852,VND,121.19999999999891,30.299999999999272,13619.414285714285,13621.592857142856,13717.57619047619,59.91520198232684,155.92639899891492
2019-08-21,13550.1,13580.4,13368.2,13580.4,467614,VND,212.1999999999989,-30.299999999999272,13602.085714285715,13617.257142857141,13697.366666666667,48.628195818705755,143.87558977582313
2019-08-22,13580.4,13610.8,13489.5,13610.8,247448,VND,121.29999999999927,-30.399999999999636,13589.099999999997,13630.25,13680.047619047618,22.95190623914406,130.0760685870226
2019-08-23,13489.5,13762.3,13489.5,13701.7,228001,VND,272.7999999999993,-212.20000000000073,13602.085714285715,13634.57857142857,13668.5,48.628195818705755,115.3879803099463
2019-08-26,13641.1,13671.4,13610.8,13671.4,87436,VND,60.600000000000364,-30.299999999999272,13615.085714285713,13636.742857142859,13656.952380952382,53.757803420367246,100.815344164748
2019-08-27,13641.1,13822.9,13641.1,13732.0,335940,VND,181.79999999999927,-90.89999999999964,13632.4,13643.235714285716,13649.733333333332,69.39200242111538,88.44299482345986
2019-08-28,13701.7,13822.9,13701.7,13792.6,197470,VND,121.19999999999891,-90.89999999999964,13662.714285714286,13651.892857142857,13648.290476190477,87.00464410163022,85.68072656537868
2019-08-29,13883.6,13944.2,13822.9,13944.2,722022,VND,121.30000000000109,-60.600000000000364,13719.014285714287,13669.214285714286,13654.066666666668,122.32691756894752,100.7960928476023
2019-08-30,14035.1,14126.1,14035.1,14095.8,999374,VND,91.0,-60.69999999999891,13792.642857142857,13697.364285714284,13675.71904761905,170.58167014803755,139.3398565345035
2019-09-03,14095.8,14095.8,13762.3,13762.3,448744,VND,333.5,333.5,13814.285714285714,13701.692857142858,13691.595238095239,152.29555069641125,128.37355832179134
2019-09-04,13550.1,13762.3,12883.2,13762.3,388837,VND,879.0999999999985,-212.1999999999989,13822.942857142856,13712.514285714284,13697.366666666667,146.43881381141728,128.71388943443918
2019-09-05,13822.9,13822.9,13459.2,13580.4,361819,VND,363.6999999999989,242.5,13809.942857142858,13712.514285714284,13694.47619047619,164.99735207116046,130.70675539072073
2019-09-06,13580.4,13671.4,13337.9,13580.4,562423,VND,333.5,0.0,13788.285714285714,13710.342857142856,13691.585714285713,185.59650166042732,132.60354929534194
2019-09-09,13580.4,13580.4,13307.6,13428.9,526663,VND,272.7999999999993,151.5,13736.32857142857,13699.52142857143,13680.038095238095,229.8256709935485,144.47665028023994
2019-09-10,13277.3,13459.2,12731.7,13307.6,538671,VND,727.5,-30.30000000000109,13645.385714285714,13682.199999999999,13661.271428571426,258.0770132381359,165.5770217840206
2019-09-11,13307.6,13398.6,13034.8,13398.6,168918,VND,363.8000000000011,-91.0,13545.785714285714,13669.214285714286,13646.838095238098,177.11178606155272,174.82878331727818
2019-09-12,13398.6,13580.4,13216.7,13459.2,131460,VND,363.6999999999989,-60.600000000000364,13502.485714285716,13658.385714285714,13635.290476190476,150.39167118531395,178.9832391727549
2019-09-13,13398.6,13701.7,13277.3,13641.1,420555,VND,424.40000000000146,-242.5,13485.17142857143,13654.057142857144,13636.733333333334,119.24616994950124,178.89805011051118
2019-09-16,13641.1,13822.9,13550.1,13641.1,106091,VND,272.7999999999993,0.0,13493.842857142856,13651.892857142857,13639.623809523808,129.12318223496047,178.43211847862887
2019-09-17,13641.1,13641.1,13519.8,13641.1,235011,VND,121.30000000000109,0.0,13502.514285714287,13645.399999999998,13641.066666666668,137.66078391676558,178.30985203668033
2019-09-18,13580.4,13641.1,13519.8,13641.1,209544,VND,121.30000000000109,-60.70000000000073,13532.828571428572,13634.578571428572,13643.957142857142,142.0429478982578,177.7684127493914
2019-09-19,13641.1,13762.3,13550.1,13762.3,621868,VND,212.1999999999989,-121.19999999999891,13597.785714285714,13621.585714285715,13654.061904761904,124.8001125610412,178.19705518385985
2019-09-20,13762.3,13762.3,13307.6,13550.1,1956258,VND,454.6999999999989,212.1999999999989,13619.42857142857,13582.607142857143,13652.619047619048,93.78210053610242,178.94441768062163
2019-09-23,13550.1,13550.1,13216.7,13459.2,756577,VND,333.39999999999964,90.89999999999964,13619.42857142857,13560.957142857142,13645.400000000001,93.78210053610242,183.71033993765653
2019-09-24,13428.9,13519.8,13125.7,13519.8,646330,VND,394.09999999999854,-90.89999999999964,13602.1,13543.635714285714,13636.738095238095,100.10389602813004,185.2052711890243
2019-09-25,13519.8,13580.4,13337.9,13519.8,230904,VND,242.5,0.0,13584.771428571428,13539.307142857144,13629.51904761905,102.69296818329794,186.73490733940827
2019-09-26,13519.8,13671.4,13337.9,13641.1,614644,VND,333.5,-121.30000000000109,13584.771428571428,13543.642857142859,13625.190476190477,102.69296818329794,185.2885341967273
2019-09-27,13641.1,13641.1,13428.9,13580.4,178666,VND,212.20000000000073,60.70000000000073,13576.100000000002,13554.464285714286,13615.085714285713,99.66186164564922,181.4487290826927
2019-09-30,13459.2,13610.8,13459.2,13580.4,253567,VND,151.59999999999854,-121.19999999999891,13550.114285714286,13573.95,13597.761904761903,58.046200810910996,165.08441924119003
2019-10-01,13580.4,13671.4,13459.2,13641.1,814077,VND,212.1999999999989,-60.70000000000073,13563.114285714284,13591.27142857143,13576.109523809524,67.46797829524506,120.21818042531234
2019-10-02,13580.4,13671.4,13550.1,13641.1,398948,VND,121.29999999999927,-60.70000000000073,13589.1,13604.264285714287,13570.338095238094,54.571604337882334,113.55738406727093
2019-10-03,13641.1,13641.1,13519.8,13580.4,231778,VND,121.30000000000109,60.70000000000073,13597.757142857141,13599.92857142857,13561.676190476192,45.8565465026911,104.78116674657393
2019-10-04,13580.4,13580.4,13459.2,13580.4,473519,VND,121.19999999999891,0.0,13606.414285714287,13595.592857142856,13561.676190476188,32.445514768335535,104.78116674657393
2019-10-07,13580.4,13641.1,13459.2,13519.8,459070,VND,181.89999999999964,60.600000000000364,13589.085714285715,13586.92857142857,13558.790476190477,41.85938479299948,105.07378790532589
2019-10-08,13519.8,13519.8,13398.6,13519.8,159599,VND,121.19999999999891,0.0,13580.42857142857,13578.264285714287,13563.119047619048,49.520524845385005,101.25840023948142
2019-10-09,13580.4,13580.4,13519.8,13580.4,149208,VND,60.600000000000364,0.0,13580.42857142857,13565.271428571428,13576.109523809524,49.520524845385005,82.62267185689991
2019-10-10,13610.8,13610.8,13459.2,13580.4,348261,VND,151.59999999999854,30.399999999999636,13571.757142857141,13567.435714285715,13584.766666666666,41.84558348443183,71.92531774934444
2019-10-11,13580.4,13580.4,13428.9,13580.4,227902,VND,151.5,0.0,13563.085714285715,13576.092857142856,13590.538095238098,29.56977221049932,65.96120432649154
2019-10-14,13580.4,13610.8,13459.2,13610.8,908721,VND,151.59999999999854,-30.399999999999636,13567.42857142857,13582.592857142858,13589.095238095239,34.377982987593185,65.1260046079997
2019-10-15,13580.4,13580.4,13489.5,13580.4,296089,VND,90.89999999999964,0.0,13567.42857142857,13586.921428571428,13586.20476190476,34.377982987593185,64.0404518738061
2019-10-16,13580.4,13610.8,13519.8,13580.4,245336,VND,91.0,0.0,13576.085714285713,13582.585714285713,13583.314285714285,27.283171160648816,62.79663435029909
2019-10-17,13550.1,13883.6,13550.1,13762.3,2093788,VND,333.5,-212.1999999999989,13610.728571428572,13595.57857142857,13589.085714285713,67.79013483511754,73.09772421713954
2019-10-18,13732.0,13822.9,13610.8,13762.3,402890,VND,212.10000000000036,-30.299999999999272,13636.714285714286,13608.57142857143,13589.085714285713,86.50653980239525,73.09772421713954
2019-10-21,13762.3,13762.3,13580.4,13762.3,160077,VND,181.89999999999964,0.0,13662.699999999999,13617.22857142857,13599.190476190477,93.78518006600441,81.61023774485838
2019-10-22,13641.1,13701.7,13550.1,13550.1,324410,VND,151.60000000000036,91.0,13658.371428571429,13610.72857142857,13603.51904761905,98.7828209472598,76.03410168508539
2019-10-23,13519.8,13580.4,13428.9,13580.4,433371,VND,151.5,-60.600000000000364,13654.028571428571,13610.72857142857,13606.404761904761,101.84363364638072,73.81545553744603
2019-10-24,13580.4,13641.1,13459.2,13641.1,487308,VND,181.89999999999964,-60.70000000000073,13662.699999999999,13615.064285714285,13612.180952380952,96.99860823750423,71.40628557107306
2019-10-25,13641.1,13641.1,13489.5,13580.4,142692,VND,151.60000000000036,60.70000000000073,13662.699999999999,13619.392857142857,13609.290476190477,96.99860823750423,71.40567837904776
2019-10-28,13580.4,13580.4,13489.5,13489.5,215976,VND,90.89999999999964,90.89999999999964,13623.72857142857,13617.22857142857,13604.961904761905,104.8006474898755,75.86074397341957
2019-10-29,13489.5,13550.1,13459.2,13550.1,214393,VND,90.89999999999964,-60.600000000000364,13593.414285714285,13615.064285714285,13603.51904761905,87.25965903697106,76.63545928000887
2019-10-30,13550.1,13671.4,13428.9,13641.1,215053,VND,242.5,-91.0,13576.100000000002,13619.4,13603.519047619046,53.7564569765945,76.63545928000887
2019-10-31,13641.1,13641.1,13489.5,13610.8,143830,VND,151.60000000000036,30.30000000000109,13584.771428571428,13621.57142857143,13602.076190476193,53.759145401464764,76.17638679257651
2019-11-01,13610.8,13641.1,13489.5,13610.8,295990,VND,151.60000000000036,0.0,13589.114285714286,13621.57142857143,13603.52380952381,54.56896030328702,76.03258449357207
2019-11-04,13519.8,13610.8,13489.5,13580.4,108862,VND,121.29999999999927,-60.600000000000364,13580.442857142856,13621.57142857143,13603.52380952381,49.52052965339498,76.03258449357207
2019-11-05,13580.4,13732.0,13550.1,13671.4,511439,VND,181.89999999999964,-91.0,13593.442857142858,13628.07142857143,13610.742857142855,60.28252530504423,74.87395122095926
2019-11-06,13641.1,13641.1,13580.4,13641.1,102875,VND,60.70000000000073,0.0,13615.1,13619.414285714287,13616.519047619046,40.79983660111878,72.13614641119547
2019-11-07,13641.1,13671.4,13580.4,13641.1,374965,VND,91.0,0.0,13628.1,13610.757142857141,13619.409523809525,29.596621429005648,71.8319768958896
2019-11-08,13610.8,13701.7,13580.4,13701.7,803025,VND,121.30000000000109,-90.90000000000146,13636.757142857143,13606.42857142857,13625.185714285715,40.78213894776873,73.39822399570583
2019-11-11,13792.6,13792.6,13641.1,13701.7,208274,VND,151.5,90.89999999999964,13649.742857142859,13617.257142857143,13630.961904761902,45.35507531859773,74.46274555910371
2019-11-12,13762.3,13762.3,13641.1,13701.7,269154,VND,121.19999999999891,60.599999999998545,13662.728571428572,13625.921428571428,13635.290476190476,45.359846938664624,75.8610302116384
2019-11-13,13701.7,13701.7,13519.8,13671.4,297260,VND,181.90000000000146,30.30000000000109,13675.728571428572,13628.085714285715,13639.623809523811,27.26198294878085,75.16465861540894
2019-11-14,13671.4,13671.4,13519.8,13610.8,567899,VND,151.60000000000036,60.600000000000364,13667.07142857143,13630.257142857143,13641.07142857143,36.81406951559789,74.25424663186722
2019-11-15,13610.8,13610.8,13459.2,13489.5,537780,VND,151.59999999999854,121.29999999999927,13645.414285714287,13630.257142857143,13628.080952380953,77.14221560588032,75.83125753313783
2019-11-18,13550.1,13550.1,13307.6,13459.2,662247,VND,242.5,90.89999999999964,13619.42857142857,13623.764285714287,13613.64761904762,104.59116779615759,77.82636840465777
2019-11-19,13459.2,13550.1,13337.9,13550.1,418015,VND,212.20000000000073,-90.89999999999964,13597.77142857143,13617.264285714284,13603.542857142855,100.32490076893397,71.04062620387558
2019-11-20,13550.1,13550.1,13398.6,13519.8,372145,VND,151.5,30.30000000000109,13571.785714285714,13610.764285714287,13602.099999999999,92.14310298975794,72.47358829263423
2019-11-21,13519.8,13519.8,13337.9,13519.8,360302,VND,181.89999999999964,0.0,13545.8,13604.264285714287,13599.214285714286,73.07541766336551,74.55734226569923
2019-11-22,13459.2,13519.8,13216.7,13216.7,479918,VND,303.09999999999854,242.5,13480.842857142856,13578.285714285714,13579.00476190476,125.85410676844107,111.16694417047418
2019-11-25,13216.7,13337.9,13034.8,13216.7,177149,VND,303.10000000000036,0.0,13424.542857142858,13545.807142857142,13561.685714285713,144.75859050092043,136.40484700231733
2019-11-26,13216.7,13307.6,13095.4,13277.3,288584,VND,212.20000000000073,-60.599999999998545,13394.228571428572,13519.82142857143,13551.58095238095,150.9738577181103,149.27254810935347
2019-11-27,13277.3,13277.3,13216.7,13277.3,279051,VND,60.599999999998545,0.0,13368.242857142857,13493.835714285715,13538.590476190477,153.5593463685763,160.8306435502075
2019-11-28,13216.7,13247.0,13034.8,13216.7,160424,VND,212.20000000000073,0.0,13320.614285714284,13459.192857142858,13518.380952380952,138.74238031415553,173.4730919164704
2019-11-29,13216.7,13277.3,13065.1,13277.3,187771,VND,212.1999999999989,-60.599999999998545,13285.971428571429,13428.878571428571,13502.5,107.46858012593329,179.7415811658868
2019-12-02,13277.3,13277.3,13156.1,13247.0,309714,VND,121.19999999999891,30.299999999999272,13247.0,13396.4,13485.176190476192,30.299999999951414,186.19743259447893
2019-12-03,13247.0,13247.0,13095.4,13186.4,378132,VND,151.60000000000036,60.600000000000364,13242.671428571428,13361.757142857141,13466.414285714287,36.814069515371614,195.72903792163427
2019-12-04,13034.8,13398.6,13034.8,13277.3,225081,VND,363.8000000000011,-242.5,13251.32857142857,13337.935714285715,13447.647619047619,36.81406951537633,193.9776085507359
2019-12-05,13277.3,13277.3,13156.1,13216.7,190179,VND,121.19999999999891,60.599999999998545,13242.67142857143,13318.449999999999,13427.438095238096,36.814069515371614,194.92079282674294
2019-12-06,13156.1,13186.4,13095.4,13156.1,136441,VND,91.0,0.0,13225.357142857143,13296.8,13404.342857142858,45.32960243746957,197.06015216538543
2019-12-09,13156.1,13156.1,12671.0,13034.8,151880,VND,485.10000000000036,121.30000000000109,13199.371428571427,13259.992857142859,13372.585714285713,85.47798379864174,200.4514761375718
2019-12-10,13034.8,13034.8,12610.4,12852.9,150280,VND,424.39999999999964,181.89999999999964,13138.742857142857,13212.357142857143,13332.166666666666,148.36763862267574,215.76204794484062
2019-12-11,12852.9,12913.5,12610.4,12731.7,273756,VND,303.10000000000036,121.19999999999891,13065.128571428573,13156.064285714285,13285.97619047619,203.35050786169322,235.61258435147644
2019-12-12,12792.3,12792.3,12610.4,12731.7,239151,VND,181.89999999999964,60.599999999998545,13000.171428571428,13121.421428571428,13241.228571428572,229.14348280994705,247.67792017634162
2019-12-13,12671.0,12731.7,12610.4,12731.7,159434,VND,121.30000000000109,-60.70000000000073,12922.228571428572,13086.778571428573,13199.366666666667,211.26265417153786,256.2345182315525
2019-12-16,12731.7,12731.7,12610.4,12731.7,97597,VND,121.30000000000109,0.0,12852.942857142856,13047.807142857142,13163.280952380954,175.01218869112307,266.487483043897
2019-12-17,12731.7,12731.7,12610.4,12731.7,236776,VND,121.30000000000109,0.0,12792.314285714287,13008.835714285715,13128.638095238093,116.07498192354032,273.29498070073527
2019-12-18,12610.4,12731.7,12580.1,12610.4,393983,VND,151.60000000000036,0.0,12731.685714285715,12965.528571428571,13083.890476190476,70.0037243905499,277.73136103938316
2019-12-19,12731.7,12731.7,12610.4,12610.4,633151,VND,121.30000000000109,121.30000000000109,12697.042857142858,12917.892857142857,13040.585714285713,59.188339424120976,277.26241592711796
2019-12-20,12671.0,12731.7,12671.0,12731.7,344632,VND,60.70000000000073,-60.70000000000073,12697.042857142858,12881.085714285715,13003.057142857144,59.188339424120976,262.07601296466987
2019-12-23,12731.7,12762.0,12701.4,12731.7,373646,VND,60.600000000000364,0.0,12697.042857142858,12848.607142857143,12979.961904761905,59.188339424120976,263.6728057199311
2019-12-24,12731.7,12762.0,12701.4,12762.0,135600,VND,60.600000000000364,-30.299999999999272,12701.371428571429,12811.8,12958.309523809523,63.12251881007261,261.92404415172103
2019-12-25,12701.4,12792.3,12701.4,12731.7,374817,VND,90.89999999999964,-30.30000000000109,12701.371428571429,12777.157142857144,12932.328571428572,63.12251881007261,255.6859248040238
2019-12-26,12792.3,12822.6,12731.7,12822.6,265509,VND,90.89999999999964,-30.30000000000109,12714.357142857143,12753.335714285715,12910.676190476192,77.99877898906887,243.9974977428959
2019-12-27,12883.2,12883.2,12762.0,12792.3,79849,VND,121.20000000000073,90.90000000000146,12740.342857142856,12736.014285714287,12890.466666666665,67.13674744221602,234.78511522957888
2019-12-30,12792.3,12792.3,12731.7,12792.3,122668,VND,60.599999999998545,0.0,12766.328571428572,12731.685714285715,12867.371428571429,36.81406951511455,218.09132065006918
2019-12-31,12822.6,12822.6,12731.7,12762.0,77259,VND,90.89999999999964,60.600000000000364,12770.657142857142,12733.850000000002,12844.27619047619,33.7147275996855,200.88063347370462
