Date,Open,High,Low,Close,Volume
2015-02-24,16716,16927,16558,16822,534023
2015-02-25,16822,17929,16822,17929,2901891
2015-02-26,17982,18245,17454,17718,2463903
2015-02-27,17771,18456,17718,18245,1557643
2015-03-02,18404,19511,18404,19458,3939034
2015-03-03,19511,19933,19353,19616,5270690
2015-03-04,19511,19669,19247,19511,2577491
2015-03-05,19405,20091,19405,19722,4028850
2015-03-06,19616,19933,19405,19405,1866919
2015-03-09,19405,19405,19036,19142,1167974
2015-03-10,19195,19616,18667,18667,1589270
2015-03-11,18667,19036,18614,18984,1382197
2015-03-12,18984,18984,18667,18667,924347
2015-03-13,18667,19458,18404,19089,3280364
2015-03-16,19247,20038,19142,19564,2358807
2015-03-17,19564,19775,19300,19300,858836
2015-03-18,19247,19405,18720,19142,1790832
2015-03-19,19142,19827,18984,19722,2311436
2015-03-20,19722,19722,19405,19458,1019572
2015-03-23,19405,19405,18773,18825,2000214
2015-03-24,18720,19036,18667,18825,1047633
2015-03-25,18773,18878,17560,17560,2571324
2015-03-26,17138,17560,16822,17454,2352847
2015-03-27,17665,18456,17665,18404,1403316
2015-03-30,18456,18984,18456,18984,1186389
2015-03-31,18878,19353,18720,19089,1741962
2015-04-01,19195,19458,19142,19195,1021450
2015-04-02,19195,19669,19142,19564,916044
2015-04-03,19722,19722,19142,19142,996696
2015-04-06,19142,19405,19142,19247,668885
2015-04-07,19511,20566,19353,20566,1744167
2015-04-08,20513,21040,20091,20091,1534664
2015-04-09,20302,21040,20249,20776,1276016
2015-04-10,20829,20829,19985,20249,1209248
2015-04-13,20196,20407,19880,20249,535625
2015-04-14,20196,20566,20038,20302,973648
2015-04-15,20460,20460,20091,20460,768762
2015-04-16,20407,20407,19985,19985,1193279
2015-04-17,19933,20038,19353,19669,2431157
2015-04-20,19669,19669,19036,19195,2033460
2015-04-21,19036,19511,19036,19405,1028202
2015-04-22,19405,19458,19195,19247,993423
2015-04-23,19195,19458,19195,19405,651401
2015-04-24,19511,19722,19353,19353,857889
2015-04-27,18456,19142,18456,18614,3563662
2015-05-04,18720,19036,18720,18825,1034869
2015-05-05,18773,18931,18614,18878,525462
2015-05-06,18773,18773,18614,18720,1764528
2015-05-07,18614,19195,18614,18984,6991050
2015-05-08,18984,19089,18509,18562,1704908
2015-05-11,18456,18667,18193,18614,2824977
2015-05-12,18509,18720,18456,18667,1139517
2015-05-13,18404,18825,18404,18456,2306854
2015-05-14,18456,18773,18404,18614,2501284
2015-05-15,18509,18720,18509,18509,1144840
2015-05-18,18509,18773,18456,18509,1166510
2015-05-19,18509,18614,18351,18456,1518816
2015-05-20,18456,18878,18404,18825,927654
2015-05-21,18825,18878,18720,18825,749710
2015-05-22,18720,18825,18720,18720,596226
2015-05-25,18720,18931,18509,18878,1199067
2015-05-26,18825,18878,18667,18720,1791211
2015-05-27,18667,19089,18667,18878,916923
2015-05-28,18878,19195,18878,18984,975422
2015-05-29,19089,19195,18984,19195,1148836
2015-06-01,19300,19353,19142,19195,1879201
2015-06-02,19142,19353,19142,19300,1180256
2015-06-03,19300,19827,19247,19669,1781564
2015-06-04,19669,19880,19669,19722,1581674
2015-06-05,19775,19775,19458,19669,907035
2015-06-08,19564,19669,19300,19353,1180635
2015-06-09,19353,19564,19353,19511,1153728
2015-06-10,19511,19564,19353,19511,703871
2015-06-11,19616,19669,19511,19616,318870
2015-06-12,19564,19669,19089,19089,346380
2015-06-15,19089,19353,18720,18773,880662
2015-06-16,18773,19616,18720,19616,816185
2015-06-17,19511,19722,19353,19564,740322
2015-06-18,19564,19880,19458,19827,1181876
2015-06-19,19827,20618,19669,20407,1784906
2015-06-22,20407,20671,20355,20513,539036
2015-06-23,20618,20618,20196,20355,745851
2015-06-24,20355,20355,19775,20091,627112
2015-06-25,19933,20302,19933,20196,106629
2015-06-26,20196,20513,19985,20249,802284
2015-06-29,19985,20407,19880,20355,958902
2015-06-30,20196,20829,20091,20618,604409
2015-07-01,20618,20935,20566,20882,831585
2015-07-02,21093,21357,20935,21093,1180963
2015-07-03,21251,22306,21093,22253,2208631
2015-07-06,22042,22358,21937,22148,1182427
2015-07-07,22148,22991,22095,22675,1751005
2015-07-08,22253,22991,22253,22622,1305248
2015-07-09,22464,23308,22411,22728,1806387
2015-07-10,22569,23202,22517,22833,1861631
2015-07-13,22833,24257,22833,24099,2080056
2015-07-14,24204,25417,24151,24204,3620336
2015-07-15,24257,24520,23202,23466,1149939
2015-07-16,23360,23993,23149,23466,694225
2015-07-17,23202,24099,23044,23782,1037281
2015-07-20,23782,24204,23519,23888,780165
2015-07-21,23729,23888,23149,23308,1190437
2015-07-22,23413,23413,22569,22833,1085996
2015-07-23,22991,23519,22622,23044,1387330
2015-07-24,22991,23202,22938,22991,443156
2015-07-27,22991,23888,22991,23888,782215
2015-07-28,23888,23993,23466,23466,621772
2015-07-29,23202,23782,23149,23413,469443
2015-07-30,23360,23940,23360,23677,797012
2015-07-31,23624,24520,23571,24520,3101472
2015-08-03,24573,25101,24573,25101,1058848
2015-08-04,25048,25153,24784,25101,689453
2015-08-05,25101,25153,24731,24731,866915
2015-08-06,24731,24995,24520,24731,857665
2015-08-07,25162,25270,24085,24085,1187130
2015-08-10,23815,25432,23762,25324,1379923
2015-08-11,25109,26348,25109,26294,2184997
2015-08-12,26294,26348,25486,26132,936250
2015-08-13,26078,27749,26025,27749,1683927
2015-08-14,27749,29635,27749,29365,1351018
2015-08-17,29365,29904,28557,29365,2118281
2015-08-18,29096,30173,28826,29096,1728543
2015-08-19,29096,29365,27210,28018,2851643
2015-08-20,27749,29365,27210,28288,1860132
2015-08-21,29096,29096,28288,28288,800802
2015-08-24,28557,28826,28018,28288,904761
2015-08-25,28288,28557,26941,28288,886674
2015-08-26,28288,28288,27479,27479,690194
2015-08-27,27479,28018,26941,27479,647336
2015-08-28,27749,28018,27479,27479,591403
2015-08-31,27479,27479,26563,26617,734637
2015-09-01,26617,27210,26348,26509,1043310
2015-09-03,26509,28288,26402,28018,1901733
2015-09-04,28288,28557,27749,27749,687627
2015-09-07,27749,28018,27210,27210,609611
2015-09-08,27210,27749,26941,27479,1594059
2015-09-09,27749,28557,27479,27749,1289125
2015-09-10,27749,28018,27479,27479,683545
2015-09-11,27479,27479,26941,27479,552558
2015-09-14,27749,27749,26887,26887,643201
2015-09-15,26833,26833,25216,25809,1906470
2015-09-16,25701,25917,24785,24785,1286799
2015-09-17,24785,25216,24624,24839,1771108
2015-09-18,24839,25270,24193,24300,1537885
2015-09-21,24300,24408,23708,24193,2363286
2015-09-22,24031,25001,24031,25001,710417
2015-09-23,25216,25809,24947,25378,2597594
2015-09-24,25109,25216,24408,24516,1788868
2015-09-25,24516,24516,23654,23708,2037939
2015-09-28,23708,23923,22846,23330,2647291
2015-09-29,23384,23600,21714,22091,2674887
2015-09-30,22091,22899,21983,22899,1800065
2015-10-01,22792,23438,22199,23330,1938424
2015-10-02,23061,23438,22738,23115,1324180
2015-10-05,22738,22846,21876,22846,1986398
2015-10-06,22630,22630,21283,21283,3571707
2015-10-07,20475,21930,20475,21606,3352110
2015-10-08,21606,22522,21606,22091,1773520
2015-10-09,22468,23061,22253,22415,2534237
2015-10-12,22415,23384,22415,23384,3680524
2015-10-13,23438,23492,22899,22899,2255072
2015-10-14,22953,23169,22630,22899,1133316
2015-10-15,22792,23061,22253,22415,2475203
2015-10-16,22415,22792,22415,22630,938886
2015-10-19,22630,22953,22576,22684,1022139
2015-10-20,22684,23923,22630,23923,4656566
2015-10-21,24408,25109,24246,24678,3124382
2015-10-22,24246,25216,24139,24785,2392708
2015-10-23,24516,24839,24031,24139,1536834
2015-10-26,24085,24624,23277,23277,2000110
2015-10-27,23277,23384,22953,23007,1254208
2015-10-28,23169,23762,23169,23708,987515
2015-10-29,23869,23869,23492,23492,670470
2015-10-30,23708,24139,23708,23708,5332721
2015-11-02,23708,24139,23708,24085,635364
2015-11-03,24085,24300,23923,24031,512301
2015-11-04,23923,24031,23708,23977,1288952
2015-11-05,24085,24246,23762,23762,949325
2015-11-06,23762,23869,23654,23708,806401
2015-11-09,23762,23762,23169,23169,1736156
2015-11-10,23007,23115,22792,23061,1561003
2015-11-11,23223,23384,23115,23115,592454
2015-11-12,23169,23277,23115,23169,482724
2015-11-13,23223,23438,23007,23169,713053
2015-11-16,23330,23546,23169,23438,578931
2015-11-17,23708,24462,23708,24408,2255951
2015-11-18,24570,25001,24354,24354,2629893
2015-11-19,24462,25378,24462,25270,2305114
2015-11-20,25593,25593,25055,25055,1224854
2015-11-23,25216,26078,25109,25917,2623588
2015-11-24,25755,25863,25593,25809,1272260
2015-11-25,25809,25809,25432,25432,1586704
2015-11-26,25540,25647,25378,25540,868914
2015-11-27,25540,25755,25162,25162,1175002
2015-11-30,25162,25162,24785,24785,1502262
2015-12-01,24839,24839,24408,24462,1618417
2015-12-02,24462,25109,24462,24570,1144254
2015-12-03,24785,24893,24570,24893,620463
2015-12-04,25109,25378,25055,25270,1309692
2015-12-07,25378,25432,25162,25162,1305817
2015-12-08,25109,25270,25001,25109,682063
2015-12-09,25109,25162,24785,24839,1141687
2015-12-10,24893,25162,24785,25162,1305954
2015-12-11,25162,25701,25162,25701,2948178
2015-12-14,25701,26132,25647,25701,2118057
2015-12-15,25701,25971,25378,25971,1232778
2015-12-16,26025,26294,25971,25971,1612267
2015-12-17,25755,25917,25701,25809,645785
2015-12-18,25809,26132,25486,25863,1433737
2015-12-21,25863,26563,25755,26456,1928381
2015-12-22,26402,26456,26025,26025,1056832
2015-12-23,26025,26186,25701,25701,846658
2015-12-24,25593,25701,25162,25647,1515784
2015-12-25,25701,25755,25378,25593,984414
2015-12-28,25378,25647,25270,25378,735498
2015-12-29,25378,25863,25324,25432,772948
2015-12-30,25324,25593,25324,25432,521224
2015-12-31,25540,25540,25270,25324,618844
2016-01-04,25324,25486,25324,25324,461760
2016-01-05,25378,25432,25162,25162,798683
2016-01-06,25162,25162,24785,24893,693691
2016-01-07,25001,25001,24516,24785,673881
2016-01-08,24678,24785,24462,24462,484119
2016-01-11,24300,24462,23762,23869,1159999
2016-01-12,23815,23869,23115,23115,1684048
2016-01-13,23115,23384,22630,22684,1515939
2016-01-14,22684,23007,22630,22738,2992173
2016-01-15,22630,23223,22630,22953,1698638
2016-01-18,23115,23115,22684,22792,833531
2016-01-19,22684,22684,21930,21983,2438374
2016-01-20,21983,23277,21552,23223,1567014
2016-01-21,23223,23223,22199,22307,1536731
2016-01-22,22307,22522,22091,22199,699410
2016-01-25,22199,22576,21983,22253,997454
2016-01-26,22361,22576,22199,22415,1092335
2016-01-27,22415,23492,22415,23277,2150149
2016-01-28,23438,23815,23330,23438,1142239
2016-01-29,23546,23815,23492,23708,1163375
2016-02-01,23438,23762,22199,22199,5435921
2016-02-02,22630,22899,22630,22899,1779273
2016-02-03,23007,23115,22792,22899,866158
2016-02-04,22684,22953,22630,22846,1458336
2016-02-05,22953,23061,22738,22738,393252
2016-02-15,22792,23115,22738,22899,1012751
2016-02-16,23061,23169,22899,22899,743440
2016-02-17,22899,23762,22846,23708,2480905
2016-02-18,23762,24193,23654,23869,1939268
2016-02-19,23977,23977,23600,23654,1291657
2016-02-22,23600,23708,22953,23277,1312190
2016-02-23,23115,23384,22846,22899,1952153
2016-02-24,22899,23277,22899,23169,1204941
2016-02-25,23061,23115,22630,22899,1611423
2016-02-26,22792,22953,22468,22738,1165063
2016-02-29,22738,22846,22522,22576,1278841
2016-03-01,22630,23007,22630,23007,828639
2016-03-02,23061,23115,22792,22792,773103
2016-03-03,22522,22738,22361,22522,1104841
2016-03-04,22522,22630,21876,21876,1516146
2016-03-07,21283,21552,20475,20798,2780414
2016-03-08,20798,21768,20798,21714,1328710
2016-03-09,21552,22091,21283,21552,1264026
2016-03-10,21283,21552,21067,21229,1127355
2016-03-11,21552,21606,20798,21337,1339390
2016-03-14,21552,22576,21552,22468,2356189
2016-03-15,21822,22253,21714,21876,1130611
2016-03-16,22253,22253,21822,21822,1002656
2016-03-17,21714,21983,21714,21822,968394
2016-03-18,21822,22307,21714,22307,1755760
2016-03-21,22307,22361,21930,21930,384691
2016-03-22,21768,21983,21714,21768,1040123
2016-03-23,21552,21552,21175,21337,1381835
2016-03-24,21552,21876,21552,21552,493955
2016-03-25,21337,21768,21337,21606,462173
2016-03-28,21445,21876,21229,21714,1379441
2016-03-29,21606,21983,21606,21714,671900
2016-03-30,21714,21876,21445,21445,1425503
2016-03-31,21552,22037,21499,21714,1267454
2016-04-01,21876,21876,21606,21606,815944
2016-04-04,21606,21822,21552,21768,1125013
2016-04-05,21930,22415,21930,22091,1947674
2016-04-06,22091,23169,21930,22792,2848835
2016-04-07,22899,23169,22415,22522,2129512
2016-04-08,22630,22630,22253,22630,849517
2016-04-11,22522,22630,22091,22091,1527998
2016-04-12,22091,22361,21930,21930,1464037
2016-04-13,22145,22576,22091,22468,1115245
2016-04-14,22576,22684,22361,22415,800234
2016-04-15,22415,22899,22361,22522,1173418
2016-04-19,22630,22738,22468,22522,977920
2016-04-20,22522,22630,22307,22415,1336341
2016-04-21,22468,22576,22253,22307,808812
2016-04-22,22361,22468,22091,22415,1108975
2016-04-25,22522,22576,22361,22415,879818
2016-04-26,22468,22468,22253,22468,1390327
2016-04-27,22361,22684,22361,22630,2229251
2016-04-28,22684,23438,22684,23277,3212562
2016-04-29,23438,23546,23007,23007,1851743
2016-05-04,22953,23061,22738,22899,6108941
2016-05-05,23330,23654,23061,23115,3208893
2016-05-06,23169,23330,23061,23330,1020003
2016-05-09,23330,23330,23061,23115,1112283
2016-05-10,23115,23169,22630,22684,1421575
2016-05-11,22630,23061,22415,23061,2379823
2016-05-12,23115,23169,22953,23061,919696
2016-05-13,23115,23115,22630,22630,561378
2016-05-16,22415,22792,22415,22684,765678
2016-05-17,22630,22738,22091,22091,1615643
2016-05-18,22091,22307,21983,22037,955819
2016-05-19,22199,22253,21822,22037,757117
2016-05-20,22037,22307,21930,22091,1051113
2016-05-23,22091,22630,22037,22630,1585274
2016-05-24,22738,22738,22145,22468,1023689
2016-05-25,22361,22468,22253,22307,1125960
2016-05-26,22307,22630,22037,22415,1697863
2016-05-27,22415,22953,22091,22684,1672265
2016-05-30,22792,22846,22522,22576,1092111
2016-05-31,22576,22899,22522,22792,1333568
2016-06-01,22899,23438,22792,22899,2046087
2016-06-02,22953,23330,22738,22846,1694866
2016-06-03,22899,23061,22684,23061,1325971
2016-06-06,23061,23277,22953,23115,1409569
2016-06-07,23115,24678,23115,24624,4268843
2016-06-08,24731,25216,24731,24731,2239466
2016-06-09,24516,25432,24516,25432,1438887
2016-06-10,25432,25593,24731,24785,2057766
2016-06-13,24785,25216,24624,24893,1194261
2016-06-14,24570,25216,24570,24785,1251262
2016-06-15,24678,25162,24354,24839,1288057
2016-06-16,25055,25755,24947,25378,1853862
2016-06-17,25540,26294,25432,26186,2628153
2016-06-20,26186,26563,25863,25863,1431876
2016-06-21,25863,26186,25647,26186,938386
2016-06-22,26186,26509,26025,26402,1229006
2016-06-23,26402,26563,25863,25863,841921
2016-06-24,25863,26025,25324,25647,1170059
2016-06-27,25540,26025,25432,26025,649902
2016-06-28,25971,26294,25809,26025,1142428
2016-06-29,26025,26833,25971,26402,2168908
2016-06-30,26402,26402,25917,25917,693966
2016-07-01,26186,26294,25432,25540,1788782
2016-07-04,25486,25755,24839,24839,1207663
2016-07-05,25001,25055,24516,24731,1305093
2016-07-06,25055,25162,24785,24785,469374
2016-07-07,24785,24947,24408,24408,1245336
2016-07-08,24462,24570,24139,24408,1018883
2016-07-11,24624,25216,24462,25216,921866
2016-07-12,25270,25593,25109,25162,844659
2016-07-13,25055,25324,25055,25270,639050
2016-07-14,25216,25486,25109,25378,500898
2016-07-15,25324,25593,25324,25486,758685
2016-07-18,25378,26132,25378,25755,1350156
2016-07-19,25863,26025,25701,25917,750985
2016-07-20,25917,26186,25755,25809,1572389
2016-07-21,25809,26025,25701,25917,691469
2016-07-22,25917,26456,25917,26132,1524570
2016-07-25,26132,26348,26025,26078,2069100
2016-07-26,25917,26186,25755,26025,1360440
2016-07-27,25971,25971,25701,25755,1038969
2016-07-28,25809,25917,25647,25701,1080380
2016-07-29,25486,25701,25378,25378,1631147
2016-08-01,25378,25486,24947,25270,1071905
2016-08-02,25270,25378,25216,25324,909102
2016-08-03,25324,25378,25055,25216,832498
2016-08-04,25270,25863,25216,25863,1185734
2016-08-05,25809,25863,24085,25216,1426278
2016-08-08,25001,25001,24462,24893,588871
2016-08-09,24678,25216,24678,25001,694259
2016-08-10,25109,25540,25109,25486,938007
2016-08-11,25378,25593,25324,25486,824247
2016-08-12,25486,25755,25324,25593,902384
2016-08-15,25593,26617,25593,26509,2078196
2016-08-16,26617,28018,26617,27210,2857431
2016-08-17,26941,27749,26887,26941,1019813
2016-08-18,27210,27479,26833,27479,1231555
2016-08-19,27479,28288,26941,27479,1436958
2016-08-22,27749,28826,27479,28018,2650288
2016-08-23,28018,29096,28018,29096,1248936
2016-08-24,29096,30982,29096,30982,2484953
2016-08-25,31251,31520,30173,30173,1587944
2016-08-26,30173,30712,29096,29096,1465794
2016-08-29,28826,30173,28557,29904,1268815
2016-08-30,30173,30712,29635,30173,963019
2016-08-31,30443,30443,29096,29635,727867
2016-09-01,29635,29904,28557,29904,1132368
2016-09-05,29635,29904,28018,28018,1527257
2016-09-06,28018,28826,27749,28557,549337
2016-09-07,28557,29096,28018,28557,462983
2016-09-08,28288,29365,28288,29365,692898
2016-09-09,29365,29635,28826,29635,157428
2016-09-12,29365,29635,28826,29096,388636
2016-09-13,29096,29096,28557,28557,628818
2016-09-14,28557,28557,27479,27749,1093093
2016-09-15,27479,27749,26671,27210,558518
2016-09-16,27479,29096,27210,28018,926173
2016-09-19,28288,28288,27210,27479,564961
2016-09-20,27749,28018,27210,28018,600774
2016-09-21,28018,28557,27749,28557,311877
2016-09-22,28288,29096,28288,28826,534075
2016-09-23,28826,30173,28826,30173,1270297
2016-09-26,29904,30173,28826,29365,570232
2016-09-27,28826,29635,28826,29365,285228
2016-09-28,29096,29635,28826,29096,884176
2016-09-29,29096,29096,28018,28557,1094488
2016-09-30,29096,29635,28557,28557,995352
2016-10-03,28557,29365,28557,28826,431632
2016-10-04,29635,29635,28826,28826,804282
2016-10-05,28557,29096,28288,28557,963502
2016-10-06,28826,29365,28826,29096,474111
2016-10-07,29096,29365,28826,29096,781268
2016-10-10,30173,30982,29904,30982,3138197
2016-10-11,32059,32598,30982,30982,2281325
2016-10-12,30443,30712,29635,29904,2671563
2016-10-13,29904,30443,28826,29096,4467683
2016-10-14,29365,29635,27749,28288,5904606
2016-10-17,28288,28288,26833,27210,7220896
2016-10-18,27479,27749,26941,27210,3176749
2016-10-19,27479,28018,26941,27210,2726134
2016-10-20,27479,27479,26941,27210,3272474
2016-10-21,28199,29016,28051,28719,4279335
2016-10-24,28645,28645,27457,27791,1318121
2016-10-25,27828,27828,26715,26715,2758559
2016-10-26,26381,27754,26381,27086,1984691
2016-10-27,27309,27531,26715,26715,915237
2016-10-28,26715,26789,25973,25973,9270753
2016-10-31,26493,27346,26493,27198,1948861
2016-11-01,27235,27903,26938,27791,1535424
2016-11-02,27457,27903,27457,27791,2220062
2016-11-03,28051,28422,27791,27828,2032923
2016-11-04,27828,27940,27606,27717,1067731
2016-11-07,27717,28162,27494,27903,1464146
2016-11-08,27903,28682,27754,28645,2614639
2016-11-09,28793,29090,28608,28941,2237619
2016-11-10,28941,29053,28199,28422,2231979
2016-11-11,28422,28793,28199,28422,1790050
2016-11-14,28422,28645,27977,28125,1650621
2016-11-15,28125,28645,28051,28125,2109458
2016-11-16,28570,28645,28311,28348,1188811
2016-11-17,28348,28682,28348,28459,1496863
2016-11-18,28533,28682,28051,28162,1680339
2016-11-21,28162,28348,27457,27828,1294591
2016-11-22,27977,28051,27160,28051,2642533
2016-11-23,28051,28162,27791,27903,679610
2016-11-24,27977,27977,27531,27680,750199
2016-11-25,27680,27977,27606,27606,1072848
2016-11-28,27606,27606,27012,27012,2008016
2016-11-29,27012,27383,26789,27049,1204493
2016-11-30,27309,27606,27160,27235,1225228
2016-12-01,27309,27457,27235,27235,753312
2016-12-02,27235,27457,27160,27235,989870
2016-12-05,27309,27457,26789,26789,871176
2016-12-06,26789,26789,26270,26530,1705489
2016-12-07,26530,26567,26196,26196,885672
2016-12-08,26196,26938,26196,26938,1078080
2016-12-09,26938,27012,26641,26938,556311
2016-12-12,26938,27049,26715,26715,858672
2016-12-13,26567,26864,26493,26641,662984
2016-12-14,26567,26678,26270,26270,648425
2016-12-15,26084,26159,25788,25973,1256414
2016-12-16,26122,26122,25899,25973,783247
2016-12-19,26047,26938,26010,26901,1384945
2016-12-20,27012,27049,26715,27012,1388671
2016-12-21,26938,26938,25973,26715,2157563
2016-12-22,27012,27160,26975,27012,1010784
2016-12-23,27086,27309,26752,26901,1146627
2016-12-26,26901,26901,26530,26567,950748
2016-12-27,26530,26901,26530,26567,355838
2016-12-28,26567,26641,26418,26567,580848
2016-12-29,26567,26567,26233,26455,941344
2016-12-30,26344,26455,26307,26381,801622
2017-01-03,26381,26567,26344,26493,756464
2017-01-04,26493,26715,26455,26715,795293
2017-01-05,26789,27049,26715,26938,1197309
2017-01-06,26789,26975,26641,26715,807644
2017-01-09,26715,26789,26493,26567,880312
2017-01-10,26493,26493,26233,26344,1355776
2017-01-11,26196,26344,25825,25973,1687000
2017-01-12,25676,26122,25528,26122,2633090
2017-01-13,26344,26344,26122,26159,1105718
2017-01-16,26122,26233,26047,26196,958952
2017-01-17,26047,26084,25899,25899,700243
2017-01-18,25936,25936,25231,25342,1707697
2017-01-19,25342,25528,25342,25528,994655
2017-01-20,25528,26307,25379,25973,864490
2017-01-23,25825,26084,25825,26010,723288
2017-01-24,25676,25973,25676,25899,711026
2017-01-25,25899,25899,25417,25528,989959
2017-02-02,25417,25862,25417,25825,638051
2017-02-03,25825,26196,25602,25973,690150
2017-02-06,25973,26047,25750,26047,1620214
2017-02-07,26047,26196,25973,26084,1081040
2017-02-08,26196,26196,25862,25936,573371
2017-02-09,25899,26122,25750,25936,401851
2017-02-10,26047,26047,25862,25899,539672
2017-02-13,25936,26418,25862,26418,1257422
2017-02-14,26455,26864,26418,26789,1283567
2017-02-15,26864,27012,26715,26715,1048400
2017-02-16,26789,26789,26418,26418,825661
2017-02-17,26641,26641,26270,26307,615555
2017-02-20,26307,26493,26270,26307,722025
2017-02-21,26418,27828,26418,27643,2575925
2017-02-22,27828,27903,27309,27457,1709508
2017-02-23,27383,27680,27346,27569,1091299
2017-02-24,27606,28496,27531,28125,3184782
2017-02-27,28348,28904,28274,28719,3036255
2017-02-28,28496,28682,28459,28496,1574852
2017-03-01,28496,28756,28385,28533,1911729
2017-03-02,28496,28570,28051,28125,2377278
2017-03-03,27903,28422,27791,27791,1486106
2017-03-06,27828,28051,27494,27717,819090
2017-03-07,27828,29053,27828,28904,2985840
2017-03-08,28756,29053,28422,28422,1459055
2017-03-09,28496,28570,28199,28199,664847
2017-03-10,28348,28570,28199,28199,1159795
2017-03-13,28459,28459,28162,28274,916028
2017-03-14,28236,28645,28199,28645,1147162
2017-03-15,28867,29164,28496,29164,1725892
2017-03-16,29387,29387,28867,29275,1746308
2017-03-17,29312,29312,28719,28719,1972747
2017-03-20,28719,28867,28496,28719,1644637
2017-03-21,28793,29127,28756,29127,1948695
2017-03-22,29238,29535,29016,29498,2287537
2017-03-23,29572,29609,29312,29461,1535692
2017-03-24,29424,29424,29164,29164,2238143
2017-03-27,29164,29164,28719,28830,1901661
2017-03-28,28830,29016,28570,28719,1691351
2017-03-29,28830,29164,28645,28941,1811691
2017-03-30,29090,29350,28570,28645,1735028
2017-03-31,28719,28756,28422,28422,1557613
2017-04-03,28570,28570,28125,28162,1687332
2017-04-04,28199,28533,28162,28496,1373448
2017-04-05,28570,28570,28051,28125,1023467
2017-04-07,28125,28348,27865,27903,1855011
2017-04-10,28051,28088,27680,27791,1002490
2017-04-11,27606,28459,27606,28348,1151539
2017-04-12,28348,28348,27754,27754,898023
2017-04-13,27754,27903,27606,27606,961466
2017-04-14,27903,27977,27383,27383,1463725
2017-04-17,27606,27903,27383,27828,659016
2017-04-18,28199,28199,27680,27680,651003
2017-04-19,27828,27828,27531,27828,717099
2017-04-20,27680,28348,27680,27977,1138294
2017-04-21,28162,28496,28051,28051,1278514
2017-04-24,28125,28348,27717,27828,761160
2017-04-25,27531,27754,27494,27494,1130179
2017-04-26,27494,27754,27494,27494,641279
2017-04-27,27643,27643,27420,27420,716678
2017-04-28,27457,27643,27420,27531,733496
2017-05-03,27531,27865,27420,27457,3956979
2017-05-04,27754,28125,27754,27865,1381985
2017-05-05,28125,28199,27903,28199,1244751
2017-05-08,28199,28459,27903,27977,2477801
2017-05-09,27977,28570,27903,28385,2093240
2017-05-10,28570,28608,28014,28199,1801202
2017-05-11,28199,28496,28014,28051,2139980
2017-05-12,28051,28236,27717,27754,2488481
2017-05-15,27643,27828,27569,27680,1760931
2017-05-16,27680,27903,27606,27606,1276970
2017-05-17,27606,27754,27383,27383,2103856
2017-05-18,27383,27494,26938,27012,2846858
2017-05-19,27086,27531,27049,27309,1292346
2017-05-22,27309,27680,27309,27346,792064
2017-05-23,27160,27383,27160,27309,952355
2017-05-24,27383,27531,27235,27235,894489
2017-05-25,27235,27457,27235,27383,631480
2017-05-26,27457,27457,27198,27309,1180989
2017-05-29,27198,27569,27198,27272,984090
2017-05-30,27235,27272,26715,26975,1312902
2017-05-31,26975,27049,26344,26344,1316373
2017-06-01,26344,26604,26270,26604,681818
2017-06-02,26567,26789,26493,26641,729477
2017-06-05,26641,26641,26270,26270,1278820
2017-06-06,26270,26641,26270,26344,659730
2017-06-07,26344,26530,26047,26047,574468
2017-06-08,26047,26196,25936,26047,837222
2017-06-09,26047,26122,25973,26010,905016
2017-06-12,26122,26196,25750,25862,2858457
2017-06-13,25825,26159,25788,26047,1943246
2017-06-14,26047,26715,26010,26344,1148247
2017-06-15,26344,27160,26270,26938,2789962
2017-06-16,26938,26938,26641,26789,1000257
2017-06-19,26789,26938,26493,26530,1101290
2017-06-20,26530,27160,26455,27049,2084844
2017-06-21,27049,27457,27049,27272,1847393
2017-06-22,27309,27457,27272,27309,1551820
2017-06-23,27272,27309,26975,27049,1146014
2017-06-26,27012,27086,26826,26938,1439111
2017-06-27,26789,27012,26715,26752,1282929
2017-06-28,26715,26975,26715,26864,1595842
2017-06-29,26789,27123,26789,26975,1340923
2017-06-30,27012,27272,26938,27272,1390598
2017-07-03,27531,28348,27272,27828,4379628
2017-07-04,27828,27977,27606,27606,1700283
2017-07-05,27569,28236,27494,28014,2015008
2017-07-06,28051,28088,27531,27531,2159694
2017-07-07,27494,27643,27235,27235,1584626
2017-07-10,27531,27754,27012,27012,2165589
2017-07-11,27235,27235,26864,26938,1745836
2017-07-12,27235,27235,26567,26864,1887115
2017-07-13,27012,27198,26864,26938,1241370
2017-07-14,26938,27086,26789,26938,1388964
2017-07-17,27012,27680,26975,27606,2435884
2017-07-18,27680,28682,27606,28682,6061243
2017-07-19,28719,28830,28348,28422,3087065
2017-07-20,28348,28422,28051,28125,2085877
2017-07-21,28274,28645,28125,28496,2517357
2017-07-24,28496,28533,28162,28459,1239698
2017-07-25,28236,28682,28199,28608,1258493
2017-07-26,28608,29238,28608,29090,3596802
2017-07-27,29090,29387,28979,29312,3823726
2017-07-28,29572,29572,29127,29312,3455766
2017-07-31,29572,29684,29238,29461,1948095
2017-08-01,29535,29535,29164,29312,2907992
2017-08-02,29164,29201,28199,28682,2896890
2017-08-03,28719,28756,28274,28274,1729503
2017-08-04,28236,28348,28014,28274,2399608
2017-08-07,28422,28645,28311,28570,1549638
2017-08-08,28793,28830,28385,28385,1309827
2017-08-09,28385,28422,28088,28236,1787140
2017-08-10,28422,28459,28125,28348,1073856
2017-08-11,28422,28645,28274,28570,1090215
2017-08-14,28570,29053,28496,28867,2313337
2017-08-15,28941,28941,28570,28719,1046295
2017-08-16,28941,28941,28533,28830,1019728
2017-08-17,28793,29312,28793,29201,3035349
2017-08-18,29312,29424,28719,28719,1486527
2017-08-21,28867,29016,28199,28274,1740911
2017-08-22,28199,28422,27903,28422,1408602
2017-08-23,28570,28570,28088,28199,1658405
2017-08-24,28570,28570,28199,28348,596581
2017-08-25,28348,28459,28236,28385,492893
2017-08-28,28385,28459,27977,27977,897462
2017-08-29,27903,28199,27865,28014,1781437
2017-08-30,28051,28162,27828,27903,1493647
2017-08-31,27828,27903,27531,27791,1385902
2017-09-01,27903,27977,27457,27457,1351157
2017-09-05,27457,27680,27198,27680,1166558
2017-09-06,27606,27717,27383,27680,616780
2017-09-07,27791,27903,27606,27754,1582814
2017-09-08,27754,27865,27717,27717,844457
2017-09-11,27717,28051,27680,27828,1590700
2017-09-12,27828,28125,27828,28014,1400933
2017-09-13,28199,28719,28199,28496,2182445
2017-09-14,28274,28496,28051,28274,1203625
2017-09-15,28422,28496,28274,28422,863865
2017-09-18,28422,28496,28125,28236,964171
2017-09-19,28274,28385,28199,28236,955329
2017-09-20,28236,28904,28236,28496,2097068
2017-09-21,28496,28608,27828,28051,1566737
2017-09-22,27865,28125,27791,27977,1446206
2017-09-25,27791,27865,27680,27791,740259
2017-09-26,27791,28051,27791,27940,463877
2017-09-27,27903,27977,27680,27680,595637
2017-09-28,27680,27865,27643,27828,495573
2017-09-29,27828,27865,27569,27680,665268
2017-10-02,27680,28051,27569,27828,919932
2017-10-03,27828,27903,27680,27754,328289
2017-10-04,27828,27828,27383,27383,698648
2017-10-05,27457,27531,27235,27457,704314
2017-10-06,27569,27791,27383,27494,416563
2017-10-09,27494,27754,27494,27569,283578
2017-10-10,27569,27791,27531,27791,848068
2017-10-11,27791,27828,27457,27457,882086
2017-10-12,27457,27680,27383,27457,890138
2017-10-13,27383,27791,27346,27531,890201
2017-10-16,27754,27828,27531,27791,836724
2017-10-17,27754,28422,27569,28311,2115761
2017-10-18,28199,28311,28014,28199,752445
2017-10-19,28199,28199,27977,27977,712034
2017-10-20,28199,28274,27940,27977,961134
2017-10-23,28051,28867,27977,27977,2371344
2017-10-24,27977,28274,27940,28236,1704660
2017-10-25,28496,28496,28125,28236,988288
2017-10-26,28348,28570,28125,28422,3103347
2017-10-27,28422,28496,28125,28199,3571754
2017-10-30,28199,28348,27903,27903,3722080
2017-10-31,27791,28051,27680,27754,3147752
2017-11-01,27791,28348,27791,28051,2766726
2017-11-02,28051,28311,28014,28088,1551463
2017-11-03,28088,28125,27903,27940,1343398
2017-11-06,27940,28014,27791,27828,1359821
2017-11-07,27828,27977,27680,27940,1112468
2017-11-08,28125,28199,27865,27977,1757129
2017-11-09,28204,28394,28128,28242,2008054
2017-11-10,28242,28621,28204,28507,2707928
2017-11-13,28659,28887,28394,28545,1537721
2017-11-14,28659,28735,28432,28507,1808360
2017-11-15,28432,29569,28432,29417,6172000
2017-11-16,29721,30327,29341,29341,7237945
2017-11-17,29341,29683,29304,29607,2964110
2017-11-20,29834,30062,29683,29872,3190562
2017-11-21,29872,30251,29721,30062,3296393
2017-11-22,30175,30251,29607,29834,3618060
2017-11-23,29834,29910,29607,29607,2255305
2017-11-24,29569,29872,29569,29834,2276639
2017-11-27,29910,29948,29531,29607,1968217
2017-11-28,29607,31085,29569,31085,3908095
2017-11-29,31009,31389,30744,30858,3896050
2017-11-30,30858,31009,30555,30706,1891134
2017-12-01,30744,31313,30668,30934,2644383
2017-12-04,30972,31351,30175,30251,4553955
2017-12-05,30213,30555,29948,30327,1546589
2017-12-06,30327,30934,30327,30896,1767426
2017-12-07,30896,31275,30479,30782,2452511
2017-12-08,30782,31843,30668,31843,2994887
2017-12-11,32071,32564,31464,31768,4859226
2017-12-12,31768,31919,31389,31389,1687434
2017-12-13,31540,31730,31351,31540,2742252
2017-12-14,31540,32526,31161,31161,2987129
2017-12-15,31389,31768,30934,31768,1786209
2017-12-18,31843,32526,31692,32223,3139930
2017-12-19,32223,32488,31843,32185,2185712
2017-12-20,32185,33360,31995,33057,3439701
2017-12-21,33208,33360,32677,32677,2423124
2017-12-22,32602,33094,32450,32677,2791084
2017-12-25,32981,33132,32602,32905,2685113
2017-12-26,32981,33663,32867,33208,3838502
2017-12-27,33208,33511,33057,33057,1663968
2017-12-28,33170,34004,33057,33891,2650329
2017-12-29,33966,34232,33625,33663,2633371
2018-01-02,33663,34118,33625,34118,2275108
2018-01-03,34345,36165,34270,35407,4847652
2018-01-04,35407,36468,35407,36392,3976093
2018-01-05,36923,37075,35521,36317,3402684
2018-01-08,36013,36165,35634,35938,1739762
2018-01-09,36013,36544,35483,36317,2862017
2018-01-10,36468,36696,36013,36544,2185150
2018-01-11,36392,37151,36392,37151,1837619
2018-01-12,36999,37909,36772,36772,2548440
2018-01-15,36847,37075,36392,36620,2661430
2018-01-16,36772,37454,36620,37454,2475058
2018-01-17,37151,37909,36468,36468,2520802
2018-01-18,36392,36620,35710,36392,2682191
2018-01-19,36392,36392,35407,36089,3492527
2018-01-22,36089,36089,35255,35672,1935743
2018-01-25,34876,35558,33815,33815,1847521
2018-01-26,34345,34421,31540,33891,3113798
2018-01-29,34118,34194,33132,33360,1502388
2018-01-30,33360,34497,33284,34345,2764888
2018-01-31,34345,35255,34270,34876,3284731
2018-02-01,35634,36544,35331,36241,2997873
2018-02-02,36317,36734,35900,36203,2499021
2018-02-05,36203,37416,35938,37151,3301778
2018-02-06,37151,37302,36772,36772,1974227
2018-02-07,36544,38515,36430,38515,5690182
2018-02-08,38667,39198,38515,38970,1903460
2018-02-09,39046,39198,38288,38970,2171204
2018-02-12,38970,40032,38743,39804,2825524
2018-02-13,39804,41624,39804,41017,2962706
2018-02-21,40942,41700,40866,41169,3513556
2018-02-22,40942,42003,40638,41700,3574995
2018-02-23,42079,42230,41321,41624,2352778
2018-02-26,41396,42003,41169,42003,2539291
2018-02-27,41776,41776,40866,40942,2609676
2018-02-28,40942,42079,40183,42003,2642775
2018-03-01,42458,44353,41321,44353,3640633
2018-03-02,44202,44884,43444,43974,3627451
2018-03-05,43595,44581,43368,44581,2253723
2018-03-06,44581,45036,43974,43974,3222972
2018-03-07,43974,45491,43216,45491,2630921
2018-03-08,44960,45718,44581,45491,2830653
2018-03-09,45339,45415,42610,42610,2651107
2018-03-12,42458,44353,42382,44353,3631139
2018-03-13,44429,46552,44202,46249,3825793
2018-03-14,47007,48068,46780,47993,2935643
2018-03-15,49661,51329,48372,51329,6109923
2018-03-16,52617,53072,50419,52390,3340313
2018-03-19,53072,54210,51404,51556,2911016
2018-03-20,50419,51404,50191,50798,3596432
2018-03-21,50798,52238,50191,50495,2470719
2018-03-22,50343,51404,49888,50495,2764850
2018-03-23,51177,51177,50495,51101,2108794
2018-03-26,50040,50798,47538,47538,3429646
2018-03-27,44278,47765,44278,47007,8580731
2018-03-28,49281,49433,47614,48144,2087256
2018-03-29,47462,48144,46628,47689,1091184
2018-03-30,44353,47234,44353,46173,3073642
2018-04-02,47007,48144,46021,48144,2357857
2018-04-03,48751,49206,48220,48523,1949447
2018-04-04,49281,51480,48902,50191,2720955
2018-04-05,49736,51101,49585,50646,3001280
2018-04-06,50798,54134,50570,54134,6157683
2018-04-09,56333,56333,54134,54513,4406399
2018-04-10,55271,55726,54361,55499,2870707
2018-04-11,54665,56863,54589,55953,4434509
2018-04-12,55044,56560,53831,54210,4613596
2018-04-13,53072,54589,53072,54437,3222168
2018-04-16,54589,54968,51556,51556,3719298
2018-04-17,52314,54210,51329,53982,3960602
2018-04-18,54210,54513,51935,52769,2906243
2018-04-19,52769,53376,52163,52693,1983236
2018-04-20,53451,54210,52769,53831,4129800
2018-04-23,54589,55650,54210,54589,3699303
2018-04-24,54589,55044,53527,54589,2738896
2018-04-26,55044,56333,55044,55953,5172216
2018-04-27,55347,56484,55195,55953,2694900
2018-05-02,56484,57091,56181,56636,6797317
2018-05-03,57318,58001,55347,56333,3577407
2018-05-04,55574,56787,55574,56105,2342787
2018-05-07,56484,57015,55726,55726,3766982
2018-05-08,56105,56105,54589,54589,4939882
2018-05-09,51935,53603,51935,52997,5823320
2018-05-10,53072,54513,52769,54513,2324757
2018-05-11,55195,55271,53527,53831,2963319
2018-05-14,52997,54058,52921,53451,2096851
2018-05-15,53679,54285,53148,53831,1859617
2018-05-16,53831,54134,53224,53451,1633459
2018-05-17,53831,56105,53679,56105,3898946
2018-05-18,56105,57091,55726,56333,4466077
2018-05-21,56484,56712,55726,55726,2665692
2018-05-22,55953,56105,55044,55726,2250494
2018-05-23,55802,56712,55650,55726,2993547
2018-05-24,55726,56333,55726,55953,3436600
2018-05-25,56484,57091,55802,56484,6414210
2018-05-28,56636,56712,53072,53982,4990603
2018-05-29,53755,54210,53072,53755,4163550
2018-05-30,54058,54134,51177,51480,6569410
2018-05-31,50949,51253,49357,49964,5094928
2018-06-01,50040,50798,49661,50798,2685776
2018-06-04,51404,51404,49130,49130,2558903
2018-06-05,48827,48902,46249,46249,6264931
2018-06-06,46400,48523,46021,48523,3823305
2018-06-07,48902,49130,45187,45187,3670746
2018-06-08,44732,46021,43974,45491,5680714
2018-06-11,45491,46476,43974,44126,5958551
2018-06-12,44126,45642,44050,45491,3751568
2018-06-13,45946,46249,43823,44126,3651951
2018-06-14,44126,45263,43140,45187,4404612
2018-06-15,45642,46021,44657,44732,4126903
2018-06-18,45339,47083,44960,47083,4480305
2018-06-19,46476,47159,46249,46249,3760577
2018-06-20,46021,46249,45112,45112,3556825
2018-06-21,45415,45642,42155,42837,5657759
2018-06-22,42837,43974,41321,43898,5045764
2018-06-25,44126,44353,43140,44202,1942302
2018-06-26,44202,45339,44126,44505,3188610
2018-06-27,44353,44657,43216,43216,3022793
2018-06-28,43216,43519,42610,43064,2653800
2018-06-29,43140,43292,41548,42837,3110697
2018-07-02,42837,43519,42230,42230,2342251
2018-07-03,41624,42079,39425,40487,4128179
2018-07-04,40183,41321,39425,41321,2609829
2018-07-05,41321,41548,40183,40411,1674342
2018-07-06,40487,40714,37909,37909,3468947
2018-07-09,37151,37606,35483,35483,5843277
2018-07-10,36013,37909,35483,37909,3330807
2018-07-11,38667,40032,38288,39425,5656445
2018-07-12,39046,41321,38970,41017,4767647
2018-07-13,41017,43595,40866,43216,7567510
2018-07-16,42837,45187,42458,44960,4896498
2018-07-17,44429,45187,43747,44429,4507573
2018-07-18,44050,45263,43671,44808,2785840
2018-07-19,44732,44960,44278,44505,3239228
2018-07-20,44202,45794,44202,45263,3437136
2018-07-23,45036,45718,44353,44732,3130220
2018-07-24,44353,44732,42837,43974,3859262
2018-07-25,43671,45415,43671,45415,2621989
2018-07-26,45415,45415,43974,44050,3591098
2018-07-27,43595,44732,43519,44732,3263587
2018-07-30,44657,44732,42458,42837,3141334
2018-07-31,41321,42837,40942,42837,6570329
2018-08-01,43216,44505,42610,44050,3531254
2018-08-02,43974,44126,42761,43216,2089986
2018-08-03,42534,44505,42079,44505,3227808
2018-08-06,45491,45642,44657,45036,3082319
2018-08-07,44353,45036,43974,44960,1718045
2018-08-08,44732,45870,43974,43974,3320497
2018-08-09,43216,44505,43216,43898,2698319
2018-08-10,43898,44505,43064,43974,1836828
2018-08-13,43595,44278,42003,44050,3632032
2018-08-14,44202,44202,42458,42458,4281300
2018-08-15,42610,42837,41472,42155,3129365
2018-08-16,42003,42155,39425,39425,3656851
2018-08-17,38743,42003,38288,41700,4393843
2018-08-20,41700,42761,40942,40942,1830129
2018-08-21,42079,42079,40259,40259,1735985
2018-08-22,39349,39804,37985,38819,4226355
2018-08-23,38819,40638,38288,39728,1815608
2018-08-24,40411,41624,39425,41548,2181207
2018-08-27,41700,42079,41169,41624,1661518
2018-08-28,40942,42306,40942,42306,2034939
2018-08-29,42306,43595,42306,43595,3156327
2018-08-30,43747,43823,42989,43064,2174304
2018-08-31,42837,43368,41776,43064,2813453
2018-09-04,43064,44278,42837,42913,3340875
2018-09-05,43216,43519,42458,43216,2147840
2018-09-06,43444,43519,41927,41927,1605081
2018-09-07,42003,42989,41321,42989,2689668
2018-09-10,42989,43444,42610,42837,1249561
2018-09-11,43216,43519,42837,43444,1644496
2018-09-12,43292,44960,43064,44353,4387118
2018-09-13,44808,44884,44278,44429,2427003
2018-09-14,44126,44732,43747,44732,2367414
2018-09-17,45112,45263,44050,44353,2258814
2018-09-18,44126,45187,44126,44732,2274355
2018-09-19,44581,46931,44429,46628,7003442
2018-09-20,46704,47310,46249,47083,2798919
2018-09-21,47083,47538,46476,46476,3201242
2018-09-24,46249,48144,46249,48144,4912129
2018-09-25,47765,48372,47159,48372,3058917
2018-09-26,48372,48372,47538,47614,1626645
2018-09-27,47917,48068,45870,45946,4131739
2018-09-28,45491,46249,44657,45946,4371985
2018-10-01,46325,47689,46097,47007,3460219
2018-10-02,47007,47386,46552,46552,2043859
2018-10-03,46249,47538,46249,47538,2200603
2018-10-04,47614,47765,46931,46931,1902082
2018-10-05,47007,47614,46704,47462,1660421
2018-10-08,47462,47462,46855,47007,2270489
2018-10-09,47386,48144,47310,47841,2304329
2018-10-10,48144,48751,47689,48523,3302697
2018-10-11,48447,48599,47841,47841,1426479
2018-10-12,47841,48675,47310,48372,1705183
2018-10-15,48372,48523,47007,47386,2487435
2018-10-16,47386,47462,46173,46249,2616158
2018-10-17,46249,46855,45718,45946,2253646
2018-10-18,45946,46249,45642,45718,1016270
2018-10-19,45566,47159,45566,47007,2035896
2018-10-22,47007,47462,46325,47007,1921095
2018-10-23,46628,47841,46628,47765,1969557
2018-10-24,47917,48220,47386,47462,2028981
2018-10-25,47614,48068,47462,47689,1365065
2018-10-26,47917,48827,47917,48523,3069980
2018-10-29,48523,48523,47689,47689,1285557
2018-10-30,47386,47993,47234,47993,1374393
2018-10-31,48296,48296,47841,47993,1371700
2018-11-01,47993,48978,47993,48827,2181820
2018-11-02,49281,49812,48523,48978,6238582
2018-11-05,49661,49812,49130,49433,1397182
2018-11-06,49130,49433,48827,48827,1316220
2018-11-07,48827,49206,48372,48372,2679166
2018-11-08,48372,48675,47917,48068,2706447
2018-11-09,48296,48523,47765,47765,2685215
2018-11-12,48144,48144,47386,47386,2466011
2018-11-13,47386,47841,47159,47765,2042927
2018-11-14,48068,48144,47386,47765,1320558
2018-11-15,47765,48523,47614,47765,2933205
2018-11-16,47995,48379,47688,47688,2084372
2018-11-19,47612,47919,47304,47304,1719742
2018-11-20,47458,47765,47304,47381,1107645
2018-11-21,47535,47612,47151,47381,996977
2018-11-22,46076,46076,44156,44309,4380304
2018-11-23,43772,45999,43772,45999,2891786
2018-11-26,45922,46076,45077,45385,1474584
2018-11-27,45308,45769,45231,45461,1377697
2018-11-28,45999,45999,45385,45461,1650493
2018-11-29,45308,45461,44463,44540,2048082
2018-11-30,43772,45001,43772,44309,1517049
2018-12-03,44924,45154,43849,43849,1537185
2018-12-04,43772,44002,41468,42850,2994530
2018-12-05,42850,43465,42620,42620,1881156
2018-12-06,40700,42390,40700,42082,2225497
2018-12-07,42927,42927,41084,41084,1557180
2018-12-10,40931,41391,40316,40623,1609968
2018-12-11,40623,41698,40470,41622,1706561
2018-12-12,41622,43542,41622,42697,1589577
2018-12-13,42850,42927,42082,42236,1558251
2018-12-14,42236,43234,42236,43158,1450697
2018-12-17,42927,43388,42697,43388,1113974
2018-12-18,43772,43772,42850,42850,851998
2018-12-19,42850,43158,42313,42620,852738
2018-12-20,43542,43618,42774,42774,734619
2018-12-21,42390,42774,41698,41698,1130141
2018-12-24,41468,41929,40547,41929,877863
2018-12-25,40931,41698,40931,41161,767540
2018-12-26,41161,41698,40547,40854,676433
2018-12-27,40854,41161,40316,41007,1057179
2018-12-28,41468,41545,40777,40854,1566724
2019-01-02,41468,41468,40854,41468,1461658
2019-01-03,41468,41468,40931,41315,1386042
2019-01-04,40777,42543,40700,42543,2434608
2019-01-07,42236,42620,42006,42082,1226389
2019-01-08,42006,42236,41468,41468,1144636
2019-01-09,41468,41698,41238,41468,859896
2019-01-10,41775,42006,40854,41007,1639533
2019-01-11,41007,42313,41007,42313,1893176
2019-01-14,42697,43311,42236,42236,3011718
2019-01-15,42159,43004,42082,42543,1825497
2019-01-16,43542,44540,43158,44540,2841308
2019-01-17,44386,44770,43849,44233,1744815
2019-01-18,43772,44693,43388,44386,2570949
2019-01-21,44079,44540,43542,43695,2881617
2019-01-22,44079,44309,43849,43925,1065958
2019-01-23,43925,44079,43465,43695,1340961
2019-01-24,43695,43925,43158,43618,1427908
2019-01-25,44002,44540,43618,44540,1871165
2019-01-28,44770,44847,44233,44233,1087025
2019-01-29,44156,44233,43388,43388,1123620
2019-01-30,43004,43311,42082,42082,2280774
2019-01-31,41545,42620,41545,42313,1862616
2019-02-01,42313,42543,41545,41775,1444151
2019-02-11,41698,42390,41698,41929,1119384
2019-02-12,41852,41852,41315,41852,2156593
2019-02-13,41852,42159,40777,40777,1102668
2019-02-14,39932,40700,39164,40470,2506141
2019-02-15,40393,41084,40393,40547,998062
2019-02-18,41468,41698,41084,41084,729579
2019-02-19,41315,41852,40931,41084,997437
2019-02-20,41391,41698,41084,41161,1380173
2019-02-21,41468,41545,40470,41161,1367043
2019-02-22,40931,41775,40393,41775,1668128
2019-02-25,42466,42620,41852,41929,1500334
2019-02-26,42236,42390,41852,42236,1682802
2019-02-27,42620,43081,42082,42850,1450008
2019-02-28,42850,42850,42236,42236,1014254
2019-03-01,42390,42620,42159,42390,1423263
2019-03-04,42390,42620,42159,42466,969735
2019-03-05,42466,43081,42390,42927,1366698
2019-03-06,43234,43234,42236,42543,901060
2019-03-07,42466,42774,42313,42390,587037
2019-03-08,42390,42543,42082,42082,692102
2019-03-11,41929,43158,41852,42850,1110796
2019-03-12,43004,43004,42390,42390,508282
2019-03-13,42159,42620,42159,42543,656783
2019-03-14,42543,42697,42236,42543,591898
2019-03-15,42620,43081,42543,42850,1287293
2019-03-18,43004,43004,42620,42620,429999
2019-03-19,42620,43542,42390,43542,1241612
2019-03-20,43542,43925,43542,43542,1470871
2019-03-21,43618,44079,43618,43618,1464542
2019-03-22,43772,44079,43388,43388,1055303
2019-03-25,43772,44693,43618,44617,1780058
2019-03-26,44617,45308,44386,45001,2148376
2019-03-27,45001,45999,45001,45922,2365296
2019-03-28,45922,46306,45769,46229,2078694
2019-03-29,46076,46076,45461,45538,1593954
2019-04-01,45692,46076,45692,46076,1311524
2019-04-02,46076,46229,45308,45308,1664568
2019-04-03,45538,45769,45231,45385,1044381
2019-04-04,45692,46152,45385,46152,2608451
2019-04-05,46229,47919,46076,47612,3193624
2019-04-08,47995,49071,47842,48687,2653812
2019-04-09,48687,48763,47535,48379,2522104
2019-04-10,48226,48379,47304,47535,1465461
2019-04-11,47535,47995,46460,46460,2586554
2019-04-12,46844,47765,46690,47765,910426
2019-04-16,47765,48379,47765,48226,1719385
2019-04-17,48226,48994,47995,48379,2011933
2019-04-18,48456,48610,47535,48149,1380466
2019-04-19,48149,48994,48072,48456,2421147
2019-04-22,47919,48379,47688,48226,1272644
2019-04-23,47919,48149,47535,48072,1302286
2019-04-24,48379,49762,48149,49762,2800029
2019-04-25,49915,50069,49531,50069,2144127
2019-04-26,50069,51451,49531,51451,2898626
2019-05-02,51605,51605,50683,50683,3338093
2019-05-03,51067,52066,51067,51912,2471230
2019-05-06,51912,51912,51221,51298,1774457
2019-05-07,51221,51605,50837,51221,3114767
2019-05-08,51374,52142,51067,51144,1946883
2019-05-09,51298,51451,51067,51374,1755036
2019-05-10,49915,50683,49147,50299,2087409
2019-05-13,50760,51067,50299,50299,1438754
2019-05-14,50606,50606,49685,50299,686718
2019-05-15,50453,51221,50222,51221,947392
2019-05-16,51451,51835,51298,51682,865192
2019-05-17,52142,52142,51912,52066,872861
2019-05-20,52219,52603,51835,51835,710694
2019-05-21,51835,51912,51067,51605,568649
2019-05-22,51605,52142,51298,51989,1210873
2019-05-23,52066,52373,52066,52296,609328
2019-05-24,52296,53525,52142,53525,1431545
2019-05-27,53525,53755,53294,53601,968714
2019-05-28,53371,53371,52833,52910,917482
2019-05-29,52987,52987,51989,52603,516895
2019-05-30,52680,52680,51912,52219,453490
2019-05-31,52219,52219,50990,51758,516321
2019-06-03,52142,52373,51451,52219,659322
2019-06-04,51835,52757,51835,52142,707950
2019-06-05,52142,52603,52142,52219,296734
2019-06-06,51528,52296,51451,52142,399656
2019-06-07,52219,52219,50760,51835,1608551
2019-06-10,51835,53141,51835,52603,873473
2019-06-11,52603,52603,51989,51989,444941
2019-06-12,52066,52449,51835,52142,353784
2019-06-13,51912,52142,50990,51374,801877
2019-06-14,51298,51605,50760,51221,1007759
2019-06-17,50837,51298,50606,50914,465179
2019-06-18,50914,51451,49762,50376,1407505
2019-06-19,49608,50376,49608,49992,1208525
2019-06-20,50222,50683,49992,50299,841114
2019-06-21,50299,50760,50069,50376,707376
2019-06-24,50530,50760,50376,50606,606636
2019-06-25,50222,51144,50222,51144,801941
2019-06-26,51221,51758,51067,51298,936878
2019-06-27,51298,51758,51298,51298,525980
2019-06-28,51298,51451,51144,51298,572975
2019-07-01,51298,52296,51221,52066,774609
2019-07-02,52142,52526,51989,51989,603765
2019-07-03,51835,52680,51451,51605,845605
2019-07-04,51758,52219,51528,51912,482889
2019-07-05,51682,52219,50760,51067,1188275
2019-07-08,51451,52066,51067,51758,435524
2019-07-09,51451,52680,51298,51758,847774
2019-07-10,51912,52296,51605,51835,400039
2019-07-11,51835,52296,51682,51989,409468
2019-07-12,51835,52219,51298,51605,908627
2019-07-15,51067,51605,49147,51067,757510
2019-07-16,50683,51835,50606,51605,494807
2019-07-17,51605,51835,51221,51221,343397
2019-07-18,51221,51221,49915,50606,503446
2019-07-19,51067,51451,50069,50376,626363
2019-07-22,51298,51835,50683,51221,747047
2019-07-23,51067,51835,51067,51758,357408
2019-07-24,51758,51835,51374,51451,271673
2019-07-25,51451,51835,50990,51682,697921
2019-07-26,51835,53448,51682,53141,3162911
2019-07-29,53141,53985,52987,53141,1299632
2019-07-30,52987,54139,52373,53985,1222561
2019-07-31,54062,54293,53294,53601,979088
2019-08-01,53525,54907,53448,54907,1192154
2019-08-02,54907,55291,54523,54523,2278847
2019-08-05,54907,56673,54523,56059,1795855
2019-08-06,55905,55905,55291,55598,498712
2019-08-07,55598,55675,54139,54139,1172453
2019-08-08,54523,54523,53294,53371,1514804
2019-08-09,53448,55291,52526,54139,1059259
2019-08-12,54523,55214,54446,54753,721757
2019-08-13,54907,54907,53985,54139,463214
2019-08-14,54139,54523,53448,53448,1016615
2019-08-15,53755,55675,53525,55675,1435513
2019-08-16,55675,55752,55291,55752,543091
2019-08-19,55291,55521,54523,54753,922931
2019-08-20,54907,55214,54216,55214,853070
2019-08-21,55675,55828,55214,55675,815568
2019-08-22,55752,57287,55752,56827,1642187
2019-08-23,56827,57211,56519,56596,1181844
2019-08-26,56596,57595,56596,57595,1390751
2019-08-27,57979,59898,57902,59284,2425932
2019-08-28,58746,59207,58209,58516,1023799
2019-08-29,58286,59284,58055,58670,1095676
2019-08-30,58670,61281,58670,60666,1680186
2019-09-03,60666,61050,60436,60666,1187344
2019-09-04,60590,60897,60282,60590,798853
2019-09-05,61050,61050,58746,59054,1761671
2019-09-06,59054,59745,58900,59668,583591
2019-09-09,59668,61204,59514,60282,1202324
2019-09-10,60282,62202,60129,62202,1259195
2019-09-11,62970,63354,61895,61895,1446333
2019-09-12,61434,61818,61127,61588,654358
2019-09-13,61588,61818,61204,61818,687573
2019-09-16,61204,61818,60743,60743,867680
2019-09-17,60820,61204,59207,59438,1094259
2019-09-18,58670,59054,58209,58593,1496136
2019-09-19,58593,60206,58593,60206,724551
2019-09-20,60282,61281,59975,60282,781588
2019-09-23,60436,60973,60206,60282,814892
2019-09-24,60282,60513,59284,59668,606100
2019-09-25,59284,59514,58286,58593,1032667
2019-09-26,59898,59898,58593,58593,452661
2019-09-27,57287,60666,57287,60666,651181
2019-09-30,59745,60359,59745,59822,703306
2019-10-01,59822,60282,58900,58977,883936
2019-10-02,59745,59745,58900,59054,578998
2019-10-03,59054,61665,58900,61434,2459771
2019-10-04,61588,61741,61127,61434,972427
2019-10-07,61434,61588,60820,60820,576114
2019-10-08,60052,60359,59514,59745,857753
2019-10-09,60052,60513,58363,58746,1424629
2019-10-10,58977,59361,58977,59130,751322
2019-10-11,59054,59438,58746,58977,538778
2019-10-14,59130,59668,59130,59668,357446
2019-10-15,59745,59822,58900,59745,741139
2019-10-16,59514,59514,59054,59361,673435
2019-10-17,59284,60513,59284,59591,521756
2019-10-18,59898,59898,59130,59361,367475
2019-10-21,59361,59438,59130,59284,301697
2019-10-22,59284,60820,59207,59668,831888
2019-10-23,59361,60282,59361,60052,180490
2019-10-24,60282,61050,60282,61050,1021106
2019-10-25,61281,62970,61281,62893,1797603
2019-10-28,62893,63508,62049,62202,889768
2019-10-29,61972,62433,61818,62279,1143666
2019-10-30,62279,63354,61818,61895,1033330
2019-10-31,62202,62740,61818,62586,672746
2019-11-01,62586,63584,62202,62202,3565246
2019-11-04,62663,62893,60666,60666,1514740
2019-11-05,61050,62049,60590,61895,1009916
2019-11-06,61434,62125,60973,61972,930638
2019-11-07,61972,62433,61665,62202,1327283
2019-11-08,62433,63815,62049,63661,1771713
2019-11-11,63661,63968,62893,63047,989883
2019-11-12,63047,64199,62817,64045,1014548
2019-11-13,64045,64276,62740,62970,1562654
2019-11-14,62817,62970,61895,62970,1280862
2019-11-15,62970,64122,62817,63738,1431289
2019-11-18,64506,64890,63584,63584,1447482
2019-11-19,63584,65504,63584,65351,1865436
2019-11-20,65351,65811,64890,64890,1097564
2019-11-21,65197,65427,64890,64967,961683
2019-11-22,64890,65581,64813,65504,931952
2019-11-25,65658,66042,65274,65274,792141
2019-11-26,65274,65581,65043,65427,827358
2019-11-27,66195,66272,65811,66119,853312
2019-11-28,66349,66349,65120,65427,1306458
2019-11-29,65658,65888,65120,65274,532398
2019-12-02,65197,65197,64199,64660,716436
2019-12-03,64660,65888,64660,65581,603663
2019-12-04,65658,65888,64967,65504,686641
2019-12-05,65504,66810,65351,66733,842390
2019-12-06,66733,67962,66503,67578,1069556
2019-12-09,67578,67731,67117,67117,489793
2019-12-10,67117,67194,66272,66349,896543
2019-12-11,66119,67731,66119,67424,775438
2019-12-12,67654,67962,67270,67347,407478
2019-12-13,67347,68653,67194,68192,1367196
2019-12-16,68576,71033,68576,70649,1392448
2019-12-17,70726,71033,69651,69728,786820
2019-12-18,69728,70880,69651,69881,859042
2019-12-19,69881,70573,69881,70112,460445
2019-12-20,70112,70573,69728,70265,531467
2019-12-23,70496,70496,69881,70112,540756
2019-12-24,70189,70726,70112,70419,760266
2019-12-25,70803,70803,69114,69497,901558
2019-12-26,69497,70189,69267,69805,478908
2019-12-27,69114,69881,68653,68883,721285
2019-12-30,68730,69037,67194,67270,893902
2019-12-31,67578,69881,67578,69881,671891
2020-01-02,69881,69881,68730,68730,658773
2020-01-03,68422,68883,67194,67194,1276855
2020-01-06,67270,67962,65427,65658,1717790
2020-01-07,65658,66042,63431,64890,1844522
2020-01-08,64890,65888,64890,65043,927818
2020-01-09,65658,66810,65504,66272,618043
2020-01-10,66042,66272,65197,65504,631173
2020-01-13,65735,65888,65274,65504,405768
2020-01-14,65504,65811,63738,64122,559909
2020-01-15,63738,64583,62970,62970,810732
2020-01-16,62893,65120,62586,65043,480708
2020-01-17,65274,65811,64967,65120,482953
2020-01-20,65120,65427,64813,65197,327166
2020-01-21,65197,65811,64813,65427,511344
2020-01-22,65504,65965,65274,65581,653682
2020-01-30,66042,66042,65427,65965,529642
2020-01-31,66119,67578,66042,67194,593021
2020-02-03,67654,67962,67194,67885,952917
2020-02-04,67885,67885,65274,66042,849242
2020-02-05,66349,66810,65504,65504,339735
2020-02-06,65581,66579,65504,66579,1079164
2020-02-07,66579,67731,66042,67578,1295089
2020-02-10,67578,67962,67424,67808,496823
2020-02-11,68269,69881,68269,69805,1195931
2020-02-12,69728,69728,68269,69114,647698
2020-02-13,69114,69805,68346,69037,294603
2020-02-14,69497,69497,68346,68653,515644
2020-02-17,68576,69497,67808,69497,636558
2020-02-18,69497,70803,69114,69881,842339
2020-02-19,69574,69958,69190,69267,294463
2020-02-20,69267,70189,68883,69728,492906
2020-02-21,70265,70496,69037,69037,684102
2020-02-24,68499,68730,67194,67194,1123020
2020-02-25,66810,67501,65581,67424,1292933
2020-02-26,66733,67501,66195,66810,921629
2020-02-27,67347,68269,67347,68115,922127
2020-02-28,68115,69421,67501,68730,1948350
2020-03-02,68346,68960,68346,68653,1332961
2020-03-03,68730,69114,68422,68653,1277442
2020-03-04,68806,68806,68192,68576,1878094
2020-03-05,68576,69344,68269,68730,1494936
2020-03-06,68730,72569,68730,72569,2832452
2020-03-09,72569,72800,71801,72185,1061875
2020-03-10,72108,72646,71878,72185,956477
2020-03-11,72185,72953,71494,71724,1119958
2020-03-12,70726,70957,66810,68269,4519031
2020-03-13,67578,68960,67347,68115,1620724
2020-03-16,64583,69267,63738,68115,1859221
2020-03-17,68346,68960,67347,68960,1427091
2020-03-18,69267,69421,68192,68269,933152
2020-03-19,68346,69805,68192,68653,1135091
2020-03-20,68960,69728,68346,69114,1493609
2020-03-23,68499,68730,67962,68269,774609
2020-03-24,68346,68730,68269,68499,663788
2020-03-25,68960,68960,68422,68653,778041
2020-03-26,68499,68730,68192,68576,808053
2020-03-27,68346,68960,68346,68576,552253
2020-03-30,68576,69037,68422,68653,438816
2020-03-31,68806,68806,68346,68653,552355
2020-04-01,68346,68730,68346,68730,336877
2020-04-03,68883,69421,68499,68730,690469
2020-04-06,68730,68730,68346,68346,1146295
2020-04-07,66042,67578,66042,66963,1270781
2020-04-08,66042,66810,65888,66195,1568880
2020-04-09,66042,66042,64506,65274,1484026
2020-04-10,64506,64967,63661,64506,1566903
2020-04-13,61511,64045,61511,63277,2182062
2020-04-14,62586,63124,62433,62817,853619
2020-04-15,64122,64122,63124,63124,1082393
2020-04-16,62970,62970,62202,62740,742032
2020-04-17,63124,64199,63124,63815,1063814
2020-04-20,63738,65811,62970,64890,1128941
2020-04-21,60666,62125,60359,60359,1543322
2020-04-22,59898,61357,57902,61357,1828802
2020-04-23,61741,61741,57134,59130,2304699
2020-04-24,55291,56059,55060,55060,2019143
2020-04-27,51221,56059,51221,54523,2373041
2020-04-28,54523,54523,51067,51528,1304774
2020-04-29,48840,51835,48840,51835,1741217
2020-05-04,52219,54293,52219,53217,1403345
2020-05-05,51682,52757,50683,50683,1519908
2020-05-06,50683,50914,47228,47228,3526048
2020-05-07,44233,44924,43925,43925,2392590
2020-05-08,43925,44847,43465,44540,1911537
2020-05-11,46076,47612,45845,47612,2342392
2020-05-12,47612,49685,47228,48533,1894337
2020-05-13,48610,50606,47995,49224,2002835
2020-05-14,46152,47151,45922,46844,2089233
2020-05-15,47228,49224,46076,47612,1221770
2020-05-18,47228,50606,47228,49915,1568612
2020-05-19,49915,50914,49147,50299,2203257
2020-05-20,51835,52449,50683,52219,2693891
2020-05-21,52219,52987,51298,52373,2263075
2020-05-22,51451,52373,51298,51835,2269213
2020-05-25,52219,55291,52219,54523,2290637
2020-05-26,54523,55214,53448,54216,2040809
2020-05-27,54216,55137,53755,54369,1335755
2020-05-28,54139,54369,52066,53678,2481272
2020-05-29,53525,54753,53525,54446,1298636
2020-06-01,53755,54676,53601,54676,1348796
2020-06-02,54907,55137,54446,54830,1879727
2020-06-03,55060,55598,54369,55214,1309214
2020-06-04,54523,54907,52066,54907,2755025
2020-06-05,52987,54600,52987,53217,2057282
2020-06-08,54523,54523,52833,53141,1533254
2020-06-09,53141,53448,51835,52910,1240489
2020-06-10,53678,53678,51298,51298,3250049
2020-06-11,51298,52603,50069,51451,2619450
2020-06-12,51451,52296,51451,52219,1944305
2020-06-15,52219,52296,51298,51758,1087484
2020-06-16,51682,51989,51298,51298,1285749
2020-06-17,51682,51989,51067,51912,1091963
2020-06-18,52066,53525,51989,53525,2471025
2020-06-19,53755,56980,53601,56443,4932493
2020-06-22,56443,57211,55675,57211,2164300
2020-06-23,57287,58363,57134,58055,2806562
2020-06-24,58055,58746,55291,58055,2363114
2020-06-25,57595,58670,57518,58363,2707353
2020-06-26,58670,58746,58055,58363,2036802
2020-06-29,58593,60666,58209,60282,1279433
2020-06-30,61357,61511,60513,60666,1440949
2020-07-01,60206,61204,60206,61127,906215
2020-07-02,61434,62356,61127,62356,1818938
2020-07-03,62356,62433,61434,62202,1028086
2020-07-06,62125,62433,62049,62279,904314
2020-07-07,62202,63431,62202,63354,945427
2020-07-08,63738,64813,63661,63661,1043475
2020-07-09,63738,65351,63738,64890,2359720
2020-07-10,65274,66042,64890,65427,1481666
2020-07-13,65658,66579,65658,66426,925496
2020-07-14,66733,66733,66272,66503,1287535
2020-07-15,66810,67501,66733,67501,590469
2020-07-16,67578,68346,67578,68346,574506
2020-07-17,68422,68576,66810,68346,1034287
2020-07-20,68346,69267,67885,68653,1023658
2020-07-21,69037,69114,68653,68730,532972
2020-07-22,68730,68960,68576,68806,1012621
2020-07-23,68730,68806,66810,67578,1485137
2020-07-24,63354,66426,63354,65735,2058086
2020-07-27,65735,65888,62817,62970,1554857
2020-07-28,64506,64506,63277,64276,1024603
2020-07-29,65274,65427,64352,64660,941471
2020-07-30,64506,66426,64429,65274,2309279
2020-07-31,65274,66042,65274,65581,923786
2020-08-03,65274,65735,65274,65658,1669774
2020-08-04,65658,66810,65504,66042,1170386
2020-08-05,66042,66042,64583,65043,906164
2020-08-06,63508,64813,63508,64276,646485
2020-08-07,64583,65043,63738,63968,454167
2020-08-10,63968,63968,62279,62586,758123
2020-08-11,63354,63354,61434,61665,905947
2020-08-12,61665,63508,61434,63508,516065
2020-08-13,63892,63892,62202,63431,598495
2020-08-14,63354,63968,63124,63738,472554
2020-08-17,63738,64045,63277,63661,1555227
2020-08-18,64506,64660,63968,64045,1705795
2020-08-19,63892,64045,63584,63738,619102
2020-08-20,64429,64429,63968,64199,1227729
2020-08-21,64045,64199,63047,63508,1172083
2020-08-24,64045,64122,63277,63661,474200
2020-08-25,63661,63738,63124,63738,544992
2020-08-26,63892,64352,63892,64122,1529324
2020-08-27,64352,64429,63661,64122,1392359
2020-08-28,64199,64199,63584,63584,801328
2020-08-31,63354,63508,62740,63124,889155
2020-09-01,63354,63584,62740,63354,869900
2020-09-03,63354,63354,63124,63354,797908
2020-09-04,63354,63584,63047,63354,1723710
2020-09-07,63047,63200,60282,62202,1711805
2020-09-08,58363,61434,58363,59130,1626351
2020-09-09,59130,60513,58746,60282,1162041
2020-09-10,58363,59898,57671,59514,1063635
2020-09-11,59591,60282,59361,59438,1196480
2020-09-14,58363,59438,58363,58670,858672
2020-09-15,58363,60513,58363,60513,539518
2020-09-16,61434,62893,60973,62893,787088
2020-09-17,62893,63738,61741,63508,993800
2020-09-18,63431,63815,62893,63584,1023799
2020-09-21,63738,63738,63277,63661,661810
2020-09-22,63738,63892,62893,62893,735703
2020-09-23,63354,63431,62817,63047,399286
2020-09-24,63047,63200,62893,63047,396109
2020-09-25,63661,63738,62970,63738,491668
2020-09-28,63738,63815,62893,62970,1046665
2020-09-29,62970,63661,62740,63200,496977
2020-09-30,63200,63431,62740,63200,423236
2020-10-01,63200,63738,62970,63738,748744
2020-10-02,63738,64890,63738,63738,1395459
2020-10-05,63738,63892,63431,63661,1635500
2020-10-06,63738,64967,63738,64429,1952293
2020-10-07,64429,65197,64429,64429,2230959
2020-10-08,64429,64429,64045,64122,2023404
2020-10-09,64122,64429,63892,64122,1280185
2020-10-12,64199,64429,63968,64045,2099569
2020-10-13,64506,64890,63584,63738,1239392
2020-10-14,63738,63968,63661,63738,2074266
2020-10-15,64276,66426,64276,66195,3194862
2020-10-16,65274,66119,65120,65197,3094760
2020-10-19,65043,65351,64199,64199,1507913
2020-10-20,64199,64429,63200,63354,2533575
2020-10-21,62970,63892,62586,63124,1879140
2020-10-22,63738,63968,63047,63047,880057
2020-10-23,63047,63431,62817,63200,849421
2020-10-26,63584,63815,63508,63738,758812
2020-10-27,63738,64122,63354,63354,1274686
2020-10-28,63431,63815,62970,63661,801366
2020-10-29,63354,63738,62970,63354,1331187
2020-10-30,63277,63738,63277,63661,1516399
2020-11-02,63815,64199,63738,63738,2132656
2020-11-03,63738,64813,63584,64506,2229121
2020-11-04,64660,65658,64660,65581,1780263
2020-11-05,64583,66195,64583,66119,2078260
2020-11-06,66119,66195,65658,66042,1412877
2020-11-09,65888,66195,65581,66042,1601074
2020-11-10,66042,66119,64352,64967,2053199
2020-11-11,65274,65274,64352,64583,745758
2020-11-12,65351,65351,64660,65120,468330
2020-11-13,65120,65274,61434,64506,1136712
2020-11-16,64890,65274,64045,64122,1035780
2020-11-17,64352,64813,63892,64429,1410057
2020-11-18,64199,65427,63815,65274,1261033
2020-11-19,65658,65658,64352,65120,700703
2020-11-20,64890,65274,64890,65120,467271
2020-11-23,66042,66810,65120,65965,2009203
2020-11-24,66042,66733,65658,66426,1039340
2020-11-25,66656,68346,66579,67731,1539341
2020-11-26,67731,68038,66656,68038,1817968
2020-11-27,67962,68038,67194,67731,853453
2020-11-30,67578,67808,67194,67194,1342671
2020-12-01,66810,67424,66733,67347,1372695
2020-12-02,67424,68038,65965,66195,1852816
2020-12-03,66119,66503,65351,66503,1685098
2020-12-04,66733,67194,66579,67194,839391
2020-12-07,67194,67424,66042,66042,1162934
2020-12-08,66042,67040,65658,66042,1492052
2020-12-09,66042,66426,64122,64660,1105437
2020-12-10,64813,65120,64122,64199,975783
2020-12-11,64199,64813,63584,63738,1391618
2020-12-14,63738,65888,63738,65888,467399
2020-12-15,65888,65965,65043,65274,393710
2020-12-16,65274,65658,64736,65274,503586
2020-12-17,65658,65658,65120,65274,648157
2020-12-18,65351,65351,64506,65274,412352
2020-12-21,65274,65888,65120,65658,1284932
2020-12-22,66119,67040,65351,65351,1928700
2020-12-23,65658,66503,65197,65197,1317496
2020-12-24,65811,66426,65735,66349,517227
2020-12-25,66503,66733,66195,66733,533164
2020-12-28,66963,67424,65274,65888,1595434
2020-12-29,65888,67270,65658,67270,699567
2020-12-30,67270,67347,66810,67270,1157090
2020-12-31,67347,69267,67117,69267,3297746
2021-01-04,69881,71033,69190,71033,1571981
2021-01-05,70726,70957,69881,70342,827907
2021-01-06,70649,70957,69728,70957,1271636
2021-01-07,71033,72339,70880,71801,1388314
2021-01-08,71801,72185,71110,72185,891095
2021-01-11,72185,72569,71571,72569,1544700
2021-01-12,71955,72185,70265,71417,1848082
2021-01-13,69651,71571,69651,70649,1483057
2021-01-14,70649,71801,70265,71801,952802
2021-01-15,71801,72108,70957,71801,940106
2021-01-18,71571,71801,69958,69958,1098508
2021-01-19,70189,71648,70189,71494,1206407
2021-01-20,71417,72108,70265,71494,896798
2021-01-21,71878,74105,71571,74105,1528852
2021-01-22,74105,75027,74028,74643,1658570
2021-01-25,74643,74719,73644,74643,990419
2021-01-26,74643,76716,73644,76716,1188058
2021-01-27,76025,76639,74105,75103,1828840
2021-01-28,75641,76716,75103,76716,945133
2021-01-29,75718,75718,72953,73721,2942405
2021-02-01,73721,75948,73721,75948,1343883
2021-02-02,76567,76645,75329,76567,889410
2021-02-03,75871,75948,75484,75793,955520
2021-02-04,75484,76258,75019,75484,850314
2021-02-05,75793,75793,74322,75329,1040872
2021-02-08,75096,75561,74864,75561,401889
2021-02-09,75871,76025,75329,75871,1066851
2021-02-17,75871,77264,75716,76800,888747
2021-02-18,76800,77109,75484,75793,650135
2021-02-19,75793,76645,75096,75793,468471
2021-02-22,75871,77264,75329,76645,1092128
2021-02-23,76645,77884,76645,76877,943219
2021-02-24,77032,82219,76877,81290,2654591
2021-02-25,80516,84000,80516,82838,1134364
2021-02-26,83613,83613,80903,81135,1229936
2021-03-01,80980,81832,80593,80903,1081282
2021-03-02,81755,81755,80671,81755,810132
2021-03-03,81755,82142,80516,81135,1357919
2021-03-04,81290,81445,79974,80438,1061887
2021-03-05,81135,81213,79355,79896,1403345
2021-03-08,80129,81290,79742,79974,1353071
2021-03-09,79819,79974,74400,76645,1442263
2021-03-10,76645,81987,75871,76722,2670668
2021-03-11,76722,79742,75871,79742,1638001
2021-03-12,79742,80516,78967,79742,1618606
2021-03-15,78271,79742,78271,79355,926248
2021-03-16,79355,79355,76645,78116,1238358
2021-03-17,76722,77419,72696,75406,1999237
2021-03-18,71226,72232,70142,70142,1538218
2021-03-19,66193,75019,66193,72000,1734084
2021-03-22,74322,74322,70451,70529,1671050
2021-03-23,71226,74864,71226,74709,1358302
2021-03-24,75793,76645,74787,76567,1856070
2021-03-25,76567,76645,72696,76567,1234275
2021-03-26,76567,77419,75793,77419,1145082
2021-03-29,76645,77264,72077,72851,3703207
2021-03-30,75096,75406,72077,75251,3801077
2021-03-31,75484,77419,75484,77419,1345032
2021-04-01,76645,78967,75871,78967,2155037
2021-04-02,76800,78735,76722,78425,2362131
2021-04-05,77806,78967,77651,77884,1771981
2021-04-06,77419,78193,76800,77419,1839227
2021-04-07,77806,78193,74709,75948,1614523
2021-04-08,76645,77032,75561,76025,1143424
2021-04-09,75329,76645,75096,76025,1366213
2021-04-12,76025,76877,76025,76800,1162691
2021-04-13,77419,78813,75871,76877,1517930
2021-04-14,76103,76955,76025,76180,1168306
2021-04-15,76335,77032,72077,75329,1426696
2021-04-16,75174,75251,73548,74632,2120202
2021-04-19,75096,75096,73548,73703,1916297
2021-04-20,73548,73548,72077,73548,1715327
2021-04-22,73548,74167,72774,73935,1357537
2021-04-23,74167,74942,74167,74555,1288505
2021-04-26,74555,74709,73161,74167,1607505
2021-04-27,74322,75096,73935,74555,1835399
2021-04-28,74322,74322,73626,74090,836801
2021-04-29,73935,74167,73548,74013,1581475
2021-05-04,74477,75484,73935,75484,2053212
2021-05-05,75174,75174,72929,72929,2036113
2021-05-06,74322,75484,73858,75096,2426952
2021-05-07,75019,75019,73858,74167,1200461
2021-05-10,73548,74245,72851,73316,1815110
2021-05-11,73316,74322,73161,73626,1480543
2021-05-12,73548,73935,72542,73471,1527117
2021-05-13,73703,74167,72387,73780,1525841
2021-05-14,73780,73780,72851,73393,2231341
2021-05-17,73161,73626,72851,73393,1205310
2021-05-18,73703,75638,73703,75019,3442138
2021-05-19,75484,76258,75019,75716,2906090
2021-05-20,77419,79587,76335,78967,4583903
2021-05-21,78967,79355,77806,78890,2862323
2021-05-24,78193,78967,77729,78890,1509125
2021-05-25,78890,78890,77032,77419,2010211
2021-05-26,77032,77032,75484,75484,2681769
2021-05-27,76258,76800,75406,76567,3407048
2021-05-28,77419,77419,75484,75484,2132069
2021-05-31,75329,76413,75019,76413,1705757
2021-06-01,77264,77264,74942,75484,2746973
2021-06-02,75329,76258,74322,74555,1934289
2021-06-03,75096,76258,74167,76258,1770450
2021-06-04,76722,81290,76258,79742,8005880
2021-06-07,79742,81755,79122,79742,3804139
2021-06-08,79742,80516,77806,80516,2916043
2021-06-09,80516,80516,75793,76335,4587731
2021-06-10,76335,77109,75638,76645,1520737
2021-06-11,76645,76877,75638,76645,1820725
2021-06-14,76645,77419,75871,77419,2061633
2021-06-15,76645,77109,75871,76722,1909279
2021-06-16,76722,78967,76722,78348,2330869
2021-06-17,78348,78735,76645,76877,1481691
2021-06-18,76567,76645,74864,75096,2915405
2021-06-21,74864,76025,74245,75948,2136024
2021-06-22,76025,76877,75484,75793,1494834
2021-06-23,75793,75793,75096,75329,1554551
2021-06-24,75251,75716,74942,74942,2166648
2021-06-25,75406,76103,74787,75019,1790994
2021-06-28,75174,75329,74167,74322,2188468
2021-06-29,73780,74322,73161,73238,2683939
2021-06-30,73238,73238,72619,72851,2141256
2021-07-01,72851,76645,72851,76645,2429632
2021-07-02,74555,75871,74322,74942,1861939
2021-07-05,75484,76258,74709,75406,2315557
2021-07-06,75406,77419,75406,77264,4869216
2021-07-07,77342,78813,77187,77729,3006256
2021-07-08,77729,77729,75871,76413,1856580
2021-07-09,76645,78271,75561,77109,2802096
2021-07-12,78193,78193,76103,76335,3344396
2021-07-13,76955,80671,76413,80284,5784746
2021-07-14,80516,83225,80284,82064,5453752
2021-07-15,82142,83613,82064,82606,3575352
2021-07-16,82451,82451,80593,81213,3069801
2021-07-19,80748,81213,78348,79742,3789593
2021-07-20,79742,80516,77419,77419,3000642
2021-07-21,77419,78967,76800,78967,3054617
2021-07-22,78967,79664,77419,78813,2886950
2021-07-23,78271,80129,77806,79587,2613248
2021-07-26,79045,80051,78425,78967,1862577
2021-07-27,79045,79742,78193,79587,1812813
2021-07-28,79355,82064,79355,80516,3698359
2021-07-29,80516,81290,78967,80671,1986732
2021-07-30,80903,84387,80748,84000,4127733
2021-08-02,83613,83767,82064,82529,2689681
2021-08-03,82916,84000,82451,83303,1890905
2021-08-04,83613,85935,82838,84929,2869214
2021-08-05,85161,85780,83458,85703,1458979
2021-08-06,85703,87329,84309,87174,2154909
2021-08-09,87174,87484,86013,87174,1945262
2021-08-10,86709,88258,86322,88258,2364556
2021-08-11,88258,90735,88258,90116,3531968
2021-08-12,90348,90425,89032,90116,2343247
2021-08-13,90116,90271,88258,88954,2203907
2021-08-16,88180,88180,85858,87948,2614652
2021-08-17,87096,89032,86709,86709,2130410
2021-08-18,86709,87793,82064,87793,3419425
2021-08-19,86090,87484,84387,85935,1766112
2021-08-20,85161,86013,82684,85006,3747485
2021-08-23,84774,84774,79819,82916,3165246
2021-08-24,82761,82761,79045,80051,2380123
2021-08-25,80051,80129,77419,78813,2873169
2021-08-26,77574,80903,77574,79355,2959555
2021-08-27,79355,80051,78193,79355,1872275
2021-08-30,77419,77574,74245,75096,3243847
2021-08-31,75716,78193,72387,77574,3044536
2021-09-01,77032,77806,76103,76645,1867681
2021-09-06,76567,77961,75871,77651,1857601
2021-09-07,76877,77264,75096,75096,2169583
2021-09-08,74709,75484,74090,74322,1613119
2021-09-09,75484,75561,73548,73548,3386759
2021-09-10,73626,75096,73626,75096,1902261
2021-09-13,75406,75793,75096,75793,1520737
2021-09-14,75329,76490,75251,75871,1728470
2021-09-15,75096,76413,74632,75096,1639660
2021-09-16,75174,76490,75096,76490,1615033
2021-09-17,76800,76877,75948,76258,1480543
2021-09-20,75871,77032,75793,76955,1438945
2021-09-21,77264,77264,75948,75948,1421975
2021-09-22,75948,76567,75638,76103,1568077
2021-09-23,76645,76800,76258,76645,1985967
2021-09-24,76877,78735,76722,77806,2184257
2021-09-27,77806,78038,77032,77342,1258902
2021-09-28,77342,77342,76103,77109,1695677
2021-09-29,77109,77884,76645,77884,2542303
2021-09-30,79355,79742,78193,78193,2154781
2021-10-01,78193,79355,77187,78193,2358048
2021-10-04,77961,79742,77264,79587,3287742
2021-10-05,78348,78890,76955,77496,2294886
2021-10-06,76645,77419,74787,75329,2725791
2021-10-07,76800,76800,74709,75096,1364172
2021-10-08,75096,76645,74942,75484,1364299
2021-10-11,75716,76645,74942,74942,1374125
2021-10-12,74322,76258,74322,75716,1412022
2021-10-13,76180,76955,75716,76877,1558889
2021-10-14,77032,77342,76103,76955,953810
2021-10-15,76955,77342,74322,76955,1157970
2021-10-18,76955,77496,76955,77419,1154780
2021-10-19,77342,78038,77264,77419,1329337
2021-10-20,77419,77496,74942,77187,1101188
2021-10-21,77187,77496,76335,76877,1042747
2021-10-22,77264,77264,76335,76800,1094553
2021-10-25,76490,76645,75948,75948,1330996
2021-10-26,75948,76258,75096,76103,1570118
2021-10-27,76103,76103,75174,75174,1018886
2021-10-28,76567,76567,75484,75948,727830
2021-10-29,75484,76180,75251,75251,1278807
2021-11-01,75329,78193,75329,77109,1630601
2021-11-02,77032,77264,75871,75871,1099912
2021-11-03,76180,77032,75871,77032,462933
2021-11-04,77109,77729,76258,77032,862576
2021-11-05,77032,77264,76877,77032,580197
2021-11-08,77032,77187,75871,75871,593978
2021-11-09,75716,76877,75484,76800,618222
2021-11-10,77032,77032,75484,76258,720940
2021-11-11,76258,76335,75174,75251,1531073
2021-11-12,75329,76025,74167,74245,2056785
2021-11-15,74322,74709,73084,73238,1165498
2021-11-16,73626,74400,73626,74013,1242441
2021-11-17,74013,74013,73393,74013,881971
2021-11-18,74013,74942,73548,74942,1017227
2021-11-19,74787,75096,74013,75096,889372
2021-11-22,75096,76180,74942,75484,1398496
2021-11-23,76103,76103,75096,75096,971164
2021-11-24,75793,75871,75096,75096,1819959
2021-11-25,75096,75251,74245,74864,2277277
2021-11-26,74942,75329,74709,74709,933394
2021-11-29,74555,75096,73548,74322,1592321
2021-11-30,74400,74709,73703,74632,1067119
2021-12-01,74632,74864,72774,73548,1991836
2021-12-02,73858,74322,72774,72774,1564504
2021-12-03,73548,73548,72774,73006,306240
2021-12-06,74245,74245,72851,72851,1021566
2021-12-07,72851,73238,72464,72774,806432
2021-12-08,73238,74709,73006,74400,1822894
2021-12-09,74787,75793,74400,75793,2261838
2021-12-10,75329,76180,75019,75871,1612609
2021-12-13,75948,76025,75096,75096,1349370
2021-12-14,75406,75871,75329,75793,1031391
2021-12-15,75638,76490,75329,76413,2335080
2021-12-16,76413,76490,75251,76180,1262474
2021-12-17,75484,76645,75096,75484,1437159
2021-12-20,75948,76180,75484,76025,1511039
2021-12-21,75871,76335,75096,75174,1757818
2021-12-22,75174,76025,74942,75561,1093660
2021-12-23,75716,76877,75096,76103,1423506
2021-12-24,76103,76103,75484,76025,784485
2021-12-27,76103,76645,75251,75638,978309
2021-12-28,75638,76258,75096,75251,901239
2021-12-29,75251,75948,75251,75871,1005871
2021-12-30,76103,76103,75096,75096,905577
2021-12-31,75251,75793,75174,75174,526988
2022-01-04,75329,76567,75174,76490,1298075
2022-01-05,76645,76722,76025,76722,700779
2022-01-06,76800,81755,76800,81135,2403091
2022-01-07,81290,83613,80980,82916,1879803
2022-01-10,82606,83767,80516,81290,1122370
2022-01-11,79974,81213,78193,78271,1085876
2022-01-12,80516,80516,76567,76567,1705374
2022-01-13,76955,78580,76103,76645,703714
2022-01-14,77651,78038,76490,76722,1005105
2022-01-17,76800,78038,75484,75871,1015568
2022-01-18,75871,77419,73858,73858,1286974
2022-01-19,74400,76955,74400,76025,1046320
2022-01-20,75871,76955,75871,76413,647570
2022-01-21,75406,76955,75329,76800,1027690
2022-01-24,78193,79587,77342,77419,2400411
2022-01-25,78967,78967,76800,77109,1324488
2022-01-26,77109,77806,76722,76877,1100295
2022-01-27,77032,77961,76645,77342,934415
2022-01-28,78038,78038,75948,76722,1336100
2022-02-07,77419,77419,74709,74709,4434994
2022-02-08,76258,77032,75948,77032,940284
2022-02-09,76645,77264,76258,76567,987752
2022-02-10,77000,77800,76600,76900,1915300
2022-02-11,77500,78900,76500,76500,1489000
2022-02-14,76800,78500,76800,78500,849400
2022-02-15,78900,80300,77900,79800,934100
2022-02-16,80000,81000,78000,80000,1168800
2022-02-17,79500,79800,79100,79500,440000
2022-02-18,79800,79900,77700,78400,920300
2022-02-21,79000,79200,78400,78800,422000
2022-02-22,79000,79400,78000,79000,1133800
2022-02-23,79000,80400,78000,78000,1603100
2022-02-24,78600,79900,77900,79100,1215600
2022-02-25,79600,79900,78200,79800,966200
2022-02-28,79700,79900,78500,79500,1097000
2022-03-01,80000,80000,78500,79400,952700
2022-03-02,79400,80000,78000,80000,1801500
2022-03-03,80500,84400,80200,81900,2532800
2022-03-04,81900,83400,81000,83400,1522100
2022-03-07,83000,88000,82300,86200,2628500
2022-03-08,85500,87600,84000,87600,1696600
2022-03-09,87500,87500,85000,86800,914800
2022-03-10,85200,87500,83100,87100,2794300
2022-03-11,86900,90000,86100,89200,2502300
2022-03-14,89400,93500,88200,93000,2728300
2022-03-15,92500,96000,89000,95800,2396600
2022-03-16,95800,95800,92600,94500,2523500
2022-03-17,93000,94500,90400,91000,1732900
2022-03-18,91000,92000,89000,89000,2055700
2022-03-21,90600,92900,89500,92400,1620800
2022-03-22,92400,92400,90100,92000,1146400
2022-03-23,91200,91900,90300,90800,1582900
2022-03-24,91100,93400,91000,91300,1827200
2022-03-25,91300,91600,90000,90000,1158400
2022-03-28,88100,88800,86000,86000,3629100
2022-03-29,86000,88300,83800,87000,2453500
2022-03-30,87500,87900,86400,87000,1286000
2022-03-31,87000,87700,86800,87500,1431200
2022-04-01,86400,87500,86400,87200,1066200
2022-04-04,86600,87600,86600,87400,1017900
2022-04-05,87000,87000,85000,86800,1540200
2022-04-06,87000,87000,85800,86900,986300
2022-04-07,86700,86800,85000,85300,2078700
2022-04-08,85300,85900,85000,85100,1616500
2022-04-12,85100,85100,84400,84500,1322100
2022-04-13,84500,85400,84100,85000,1295400
2022-04-14,85600,85600,84200,85000,1655600
2022-04-15,85000,85500,84700,85500,1052200
2022-04-18,85200,85500,84800,84900,1058100
2022-04-19,84300,84900,83900,84900,1002800
2022-04-20,83800,84500,81500,81500,2936300
2022-04-21,81800,83100,81700,83000,1325300
2022-04-22,83000,83700,82900,83500,1154100
2022-04-25,83700,83900,83000,83800,876100
2022-04-26,83300,84200,83200,84200,1438200
2022-04-27,84000,84100,81000,81100,2385900
2022-04-28,81300,83200,81300,82500,1000600
2022-04-29,83000,83500,82700,83000,1222400
2022-05-04,83100,85200,82900,84200,1406600
2022-05-05,84200,85500,84000,84900,933900
2022-05-06,84900,85500,84900,84900,775100
2022-05-09,84900,85600,84900,84900,966600
2022-05-10,84900,84900,83500,83500,570200
2022-05-11,84000,84000,82000,82500,1137800
2022-05-12,83000,83000,82000,82400,725400
2022-05-13,82400,83000,81600,81900,1018600
2022-05-16,81800,83500,81500,82000,913900
2022-05-17,82000,82600,82000,82100,492400
2022-05-18,82100,83600,81100,82800,900300
2022-05-19,83200,84100,82600,82600,712000
2022-05-20,82800,83200,82600,83000,526100
2022-05-23,82900,85000,81700,84600,2009600
2022-05-24,84900,85200,83000,83000,928000
2022-05-25,83900,83900,82900,83000,788200
2022-05-26,83000,83200,81600,82400,841300
2022-05-27,83000,83100,82000,82400,850700
2022-05-30,82400,82900,81000,81000,1151400
2022-05-31,81200,81500,80200,80200,894800
